school,sex,age,address,famsize,pstatus,medu,fedu,mjob,fjob,reason,guardian,traveltime,studytime,failures,schoolsup,famsup,paid,activities,nursery,higher,internet,romantic,famrel,freetime,goout,dalc,walc,health,absences,g1,g2,g3,performance_category,attendance_category,studytime_label,grade_change_g1_g3
gp,f,18.0,u,gt3,a,4.0,4.0,at_home,teacher,course,mother,2.0,2.0,0,yes,no,no,no,yes,yes,no,no,4.0,3.0,4.0,1.0,1.0,3.0,4.0,0.0,11.0,11.0,Average,Higher attendance (0–4 absences),2–5 hours/week,11.0
gp,f,17.0,u,gt3,t,1.0,1.0,at_home,other,course,father,1.0,2.0,0,no,yes,no,no,no,yes,yes,no,5.0,3.0,3.0,1.0,1.0,3.0,2.0,9.0,11.0,11.0,Average,Higher attendance (0–4 absences),2–5 hours/week,2.0
gp,f,15.0,u,le3,t,1.0,1.0,at_home,other,other,mother,1.0,2.0,0,yes,no,no,no,yes,yes,yes,no,4.0,3.0,2.0,2.0,3.0,3.0,6.0,12.0,13.0,12.0,Average,Moderate (5–10),2–5 hours/week,0.0
gp,f,15.0,u,gt3,t,4.0,2.0,health,services,home,mother,1.0,3.0,0,no,yes,no,yes,yes,yes,yes,yes,3.0,2.0,2.0,1.0,1.0,5.0,0.0,14.0,14.0,14.0,Good,Higher attendance (0–4 absences),5–10 hours/week,0.0
gp,f,16.0,u,gt3,t,3.0,3.0,other,other,home,father,1.0,2.0,0,no,yes,no,no,yes,yes,no,no,4.0,3.0,2.0,1.0,2.0,5.0,0.0,11.0,13.0,13.0,Average,Higher attendance (0–4 absences),2–5 hours/week,2.0
gp,m,16.0,u,le3,t,4.0,3.0,services,other,reputation,mother,1.0,2.0,0,no,yes,no,yes,yes,yes,yes,no,5.0,4.0,2.0,1.0,2.0,5.0,6.0,12.0,12.0,13.0,Average,Moderate (5–10),2–5 hours/week,1.0
gp,m,16.0,u,le3,t,2.0,2.0,other,other,home,mother,1.0,2.0,0,no,no,no,no,yes,yes,yes,no,4.0,4.0,4.0,1.0,1.0,3.0,0.0,13.0,12.0,13.0,Average,Higher attendance (0–4 absences),2–5 hours/week,0.0
gp,f,17.0,u,gt3,a,4.0,4.0,other,teacher,home,mother,2.0,2.0,0,yes,yes,no,no,yes,yes,no,no,4.0,1.0,4.0,1.0,1.0,1.0,2.0,10.0,13.0,13.0,Average,Higher attendance (0–4 absences),2–5 hours/week,3.0
gp,m,15.0,u,le3,a,3.0,2.0,services,other,home,mother,1.0,2.0,0,no,yes,no,no,yes,yes,yes,no,4.0,2.0,2.0,1.0,1.0,1.0,0.0,15.0,16.0,17.0,Excellent,Higher attendance (0–4 absences),2–5 hours/week,2.0
gp,m,15.0,u,gt3,t,3.0,4.0,other,other,home,mother,1.0,2.0,0,no,yes,no,yes,yes,yes,yes,no,5.0,5.0,1.0,1.0,1.0,5.0,0.0,12.0,12.0,13.0,Average,Higher attendance (0–4 absences),2–5 hours/week,1.0
gp,f,15.0,u,gt3,t,4.0,4.0,teacher,health,reputation,mother,1.0,2.0,0,no,yes,no,no,yes,yes,yes,no,3.0,3.0,3.0,1.0,2.0,2.0,2.0,14.0,14.0,14.0,Good,Higher attendance (0–4 absences),2–5 hours/week,0.0
gp,f,15.0,u,gt3,t,2.0,1.0,services,other,reputation,father,3.0,3.0,0,no,yes,no,yes,yes,yes,yes,no,5.0,2.0,2.0,1.0,1.0,4.0,0.0,10.0,12.0,13.0,Average,Higher attendance (0–4 absences),5–10 hours/week,3.0
gp,m,15.0,u,le3,t,4.0,4.0,health,services,course,father,1.0,1.0,0,no,yes,no,yes,yes,yes,yes,no,4.0,3.0,3.0,1.0,3.0,5.0,0.0,12.0,13.0,12.0,Average,Higher attendance (0–4 absences),<2 hours/week,0.0
gp,m,15.0,u,gt3,t,4.0,3.0,teacher,other,course,mother,2.0,2.0,0,no,yes,no,no,yes,yes,yes,no,5.0,4.0,3.0,1.0,2.0,3.0,0.0,12.0,12.0,13.0,Average,Higher attendance (0–4 absences),2–5 hours/week,1.0
gp,m,15.0,u,gt3,a,2.0,2.0,other,other,home,other,1.0,3.0,0,no,yes,no,no,yes,yes,yes,yes,4.0,5.0,2.0,1.0,1.0,3.0,0.0,14.0,14.0,15.0,Good,Higher attendance (0–4 absences),5–10 hours/week,1.0
gp,f,16.0,u,gt3,t,4.0,4.0,health,other,home,mother,1.0,1.0,0,no,yes,no,no,yes,yes,yes,no,4.0,4.0,4.0,1.0,2.0,2.0,6.0,17.0,17.0,17.0,Excellent,Moderate (5–10),<2 hours/week,0.0
gp,f,16.0,u,gt3,t,4.0,4.0,services,services,reputation,mother,1.0,3.0,0,no,yes,no,yes,yes,yes,yes,no,3.0,2.0,3.0,1.0,2.0,2.0,10.0,13.0,13.0,14.0,Good,Moderate (5–10),5–10 hours/week,1.0
gp,f,16.0,u,gt3,t,3.0,3.0,other,other,reputation,mother,3.0,2.0,0,yes,yes,no,yes,yes,yes,no,no,5.0,3.0,2.0,1.0,1.0,4.0,2.0,13.0,14.0,14.0,Good,Higher attendance (0–4 absences),2–5 hours/week,1.0
gp,m,17.0,u,gt3,t,3.0,2.0,services,services,course,mother,1.0,1.0,3,no,yes,yes,yes,yes,yes,yes,no,5.0,5.0,5.0,2.0,4.0,5.0,2.0,8.0,8.0,7.0,Low,Higher attendance (0–4 absences),<2 hours/week,-1.0
gp,m,16.0,u,le3,t,4.0,3.0,health,other,home,father,1.0,1.0,0,no,no,no,yes,yes,yes,yes,no,3.0,1.0,3.0,1.0,3.0,5.0,6.0,12.0,12.0,12.0,Average,Moderate (5–10),<2 hours/week,0.0
gp,m,15.0,u,gt3,t,4.0,3.0,teacher,other,reputation,mother,1.0,2.0,0,no,no,no,no,yes,yes,yes,no,4.0,4.0,1.0,1.0,1.0,1.0,0.0,12.0,13.0,14.0,Good,Higher attendance (0–4 absences),2–5 hours/week,2.0
gp,m,15.0,u,gt3,t,4.0,4.0,health,health,other,father,1.0,1.0,0,no,yes,yes,no,yes,yes,yes,no,5.0,4.0,2.0,1.0,1.0,5.0,0.0,11.0,12.0,12.0,Average,Higher attendance (0–4 absences),<2 hours/week,1.0
gp,m,16.0,u,le3,t,4.0,2.0,teacher,other,course,mother,1.0,2.0,0,no,no,no,yes,yes,yes,yes,no,4.0,5.0,1.0,1.0,3.0,5.0,0.0,12.0,13.0,14.0,Good,Higher attendance (0–4 absences),2–5 hours/week,2.0
gp,m,16.0,u,le3,t,2.0,2.0,other,other,reputation,mother,2.0,2.0,0,no,yes,no,yes,yes,yes,yes,no,5.0,4.0,4.0,2.0,4.0,5.0,2.0,10.0,10.0,10.0,Average,Higher attendance (0–4 absences),2–5 hours/week,0.0
gp,f,15.0,r,gt3,t,2.0,4.0,services,health,course,mother,1.0,3.0,0,yes,yes,no,yes,yes,yes,yes,no,4.0,3.0,2.0,1.0,1.0,5.0,2.0,10.0,11.0,10.0,Average,Higher attendance (0–4 absences),5–10 hours/week,0.0
gp,f,16.0,u,gt3,t,2.0,2.0,services,services,home,mother,1.0,1.0,0,no,yes,no,no,no,yes,yes,no,1.0,2.0,2.0,1.0,3.0,5.0,6.0,10.0,11.0,12.0,Average,Moderate (5–10),<2 hours/week,2.0
gp,m,15.0,u,gt3,t,2.0,2.0,other,other,home,mother,1.0,1.0,0,no,yes,no,no,yes,yes,yes,no,4.0,2.0,2.0,1.0,2.0,5.0,8.0,11.0,12.0,12.0,Average,Moderate (5–10),<2 hours/week,1.0
gp,m,15.0,u,gt3,t,4.0,2.0,health,services,other,mother,1.0,1.0,0,no,no,no,no,yes,yes,yes,no,2.0,2.0,4.0,2.0,4.0,1.0,0.0,11.0,11.0,11.0,Average,Higher attendance (0–4 absences),<2 hours/week,0.0
gp,m,16.0,u,le3,a,3.0,4.0,services,other,home,mother,1.0,2.0,0,yes,yes,yes,yes,yes,yes,yes,no,5.0,3.0,3.0,1.0,1.0,5.0,2.0,12.0,12.0,13.0,Average,Higher attendance (0–4 absences),2–5 hours/week,1.0
gp,m,16.0,u,gt3,t,4.0,4.0,teacher,teacher,home,mother,1.0,2.0,0,no,yes,yes,yes,yes,yes,yes,yes,4.0,4.0,5.0,5.0,5.0,5.0,4.0,12.0,11.0,12.0,Average,Higher attendance (0–4 absences),2–5 hours/week,0.0
gp,m,15.0,u,gt3,t,4.0,4.0,health,services,home,mother,1.0,2.0,0,no,yes,yes,no,no,yes,yes,no,5.0,4.0,2.0,3.0,4.0,5.0,0.0,10.0,11.0,11.0,Average,Higher attendance (0–4 absences),2–5 hours/week,1.0
gp,m,15.0,u,gt3,t,4.0,4.0,services,services,reputation,mother,2.0,2.0,0,no,yes,no,yes,yes,yes,yes,no,4.0,3.0,1.0,1.0,1.0,5.0,2.0,15.0,15.0,15.0,Good,Higher attendance (0–4 absences),2–5 hours/week,0.0
gp,m,15.0,r,gt3,t,4.0,3.0,teacher,at_home,course,mother,1.0,2.0,0,no,yes,no,yes,yes,yes,yes,yes,4.0,5.0,2.0,1.0,1.0,5.0,0.0,13.0,14.0,15.0,Good,Higher attendance (0–4 absences),2–5 hours/week,2.0
gp,m,15.0,u,le3,t,3.0,3.0,other,other,course,mother,1.0,2.0,0,no,no,no,yes,no,yes,yes,no,5.0,3.0,2.0,1.0,1.0,2.0,0.0,13.0,12.0,12.0,Average,Higher attendance (0–4 absences),2–5 hours/week,-1.0
gp,m,16.0,u,gt3,t,3.0,2.0,other,other,home,mother,1.0,1.0,0,no,yes,no,no,no,yes,yes,no,5.0,4.0,3.0,1.0,1.0,5.0,4.0,12.0,12.0,12.0,Average,Higher attendance (0–4 absences),<2 hours/week,0.0
gp,f,15.0,u,gt3,t,2.0,3.0,other,other,other,father,2.0,1.0,0,no,yes,no,yes,yes,yes,no,no,3.0,5.0,1.0,1.0,1.0,5.0,4.0,11.0,11.0,11.0,Average,Higher attendance (0–4 absences),<2 hours/week,0.0
gp,m,15.0,u,le3,t,4.0,3.0,teacher,services,home,mother,1.0,3.0,0,no,yes,no,yes,yes,yes,yes,no,5.0,4.0,3.0,1.0,1.0,4.0,0.0,14.0,14.0,14.0,Good,Higher attendance (0–4 absences),5–10 hours/week,0.0
gp,m,16.0,r,gt3,a,4.0,4.0,other,teacher,reputation,mother,2.0,3.0,0,no,yes,no,yes,yes,yes,yes,yes,2.0,4.0,3.0,1.0,1.0,5.0,4.0,13.0,13.0,13.0,Average,Higher attendance (0–4 absences),5–10 hours/week,0.0
gp,f,15.0,r,gt3,t,3.0,4.0,services,health,course,mother,1.0,3.0,0,yes,yes,no,yes,yes,yes,yes,no,4.0,3.0,2.0,1.0,1.0,5.0,2.0,11.0,12.0,12.0,Average,Higher attendance (0–4 absences),5–10 hours/week,1.0
gp,f,15.0,r,gt3,t,2.0,2.0,at_home,other,reputation,mother,1.0,1.0,0,yes,yes,no,yes,yes,yes,no,no,4.0,3.0,1.0,1.0,1.0,2.0,8.0,14.0,13.0,12.0,Average,Moderate (5–10),<2 hours/week,-2.0
gp,f,16.0,u,le3,t,2.0,2.0,other,other,home,mother,2.0,2.0,0,no,yes,no,yes,no,yes,yes,yes,3.0,3.0,3.0,1.0,2.0,3.0,16.0,11.0,11.0,10.0,Average,Lower attendance (11+),2–5 hours/week,-1.0
gp,m,15.0,u,le3,t,4.0,4.0,teacher,other,home,other,1.0,1.0,0,no,yes,no,no,no,yes,yes,yes,5.0,4.0,3.0,2.0,4.0,5.0,8.0,10.0,11.0,11.0,Average,Moderate (5–10),<2 hours/week,1.0
gp,m,15.0,u,gt3,t,4.0,4.0,services,teacher,course,father,1.0,2.0,0,no,yes,no,yes,yes,yes,yes,no,4.0,3.0,3.0,1.0,1.0,5.0,0.0,14.0,15.0,15.0,Good,Higher attendance (0–4 absences),2–5 hours/week,1.0
gp,m,15.0,u,gt3,t,2.0,2.0,services,services,course,father,1.0,1.0,0,yes,yes,no,no,yes,yes,yes,no,5.0,4.0,1.0,1.0,1.0,1.0,0.0,9.0,10.0,10.0,Average,Higher attendance (0–4 absences),<2 hours/week,1.0
gp,f,16.0,u,le3,t,2.0,2.0,other,at_home,course,father,2.0,2.0,1,yes,no,no,yes,yes,yes,yes,no,4.0,3.0,3.0,2.0,2.0,5.0,14.0,10.0,11.0,11.0,Average,Lower attendance (11+),2–5 hours/week,1.0
gp,f,15.0,u,le3,a,4.0,3.0,other,other,course,mother,1.0,2.0,0,yes,yes,yes,yes,yes,yes,yes,yes,5.0,2.0,2.0,1.0,1.0,5.0,4.0,10.0,11.0,11.0,Average,Higher attendance (0–4 absences),2–5 hours/week,1.0
gp,f,16.0,u,le3,a,3.0,3.0,other,services,home,mother,1.0,2.0,0,no,yes,no,no,yes,yes,yes,no,2.0,3.0,5.0,1.0,4.0,3.0,6.0,13.0,12.0,13.0,Average,Moderate (5–10),2–5 hours/week,0.0
gp,m,16.0,u,gt3,t,4.0,3.0,health,services,reputation,mother,1.0,4.0,0,no,no,no,yes,yes,yes,yes,no,4.0,2.0,2.0,1.0,1.0,2.0,2.0,17.0,17.0,17.0,Excellent,Higher attendance (0–4 absences),>10 hours/week,0.0
gp,m,15.0,u,gt3,t,4.0,2.0,teacher,other,home,mother,1.0,2.0,0,no,yes,no,no,yes,yes,no,no,4.0,3.0,3.0,2.0,2.0,5.0,4.0,11.0,12.0,13.0,Average,Higher attendance (0–4 absences),2–5 hours/week,2.0
gp,f,15.0,u,gt3,t,4.0,4.0,services,teacher,other,father,1.0,2.0,0,yes,yes,no,yes,no,yes,yes,no,4.0,4.0,4.0,1.0,1.0,3.0,2.0,13.0,12.0,12.0,Average,Higher attendance (0–4 absences),2–5 hours/week,-1.0
gp,f,16.0,u,le3,t,2.0,2.0,services,services,course,mother,3.0,2.0,0,no,yes,no,no,yes,yes,yes,no,4.0,3.0,3.0,2.0,3.0,4.0,0.0,14.0,13.0,13.0,Average,Higher attendance (0–4 absences),2–5 hours/week,-1.0
gp,f,15.0,u,le3,t,4.0,2.0,health,other,other,mother,1.0,2.0,0,no,yes,no,no,yes,yes,yes,no,4.0,3.0,3.0,1.0,1.0,5.0,0.0,16.0,14.0,16.0,Good,Higher attendance (0–4 absences),2–5 hours/week,0.0
gp,m,15.0,u,le3,a,4.0,2.0,health,health,other,father,2.0,1.0,0,no,no,no,no,yes,yes,no,no,5.0,5.0,5.0,3.0,4.0,5.0,4.0,10.0,9.0,9.0,Low,Higher attendance (0–4 absences),<2 hours/week,-1.0
gp,f,15.0,u,gt3,t,4.0,4.0,services,services,course,mother,1.0,1.0,0,yes,yes,no,no,yes,yes,yes,no,3.0,3.0,4.0,2.0,3.0,5.0,0.0,13.0,12.0,12.0,Average,Higher attendance (0–4 absences),<2 hours/week,-1.0
gp,f,15.0,u,le3,a,3.0,3.0,other,other,other,mother,1.0,1.0,0,no,no,no,no,yes,yes,yes,no,5.0,3.0,4.0,4.0,4.0,1.0,0.0,13.0,12.0,13.0,Average,Higher attendance (0–4 absences),<2 hours/week,0.0
gp,f,16.0,u,gt3,a,2.0,1.0,other,other,other,mother,1.0,2.0,0,no,no,no,yes,yes,yes,yes,yes,5.0,3.0,4.0,1.0,1.0,2.0,2.0,12.0,13.0,12.0,Average,Higher attendance (0–4 absences),2–5 hours/week,0.0
gp,f,15.0,u,gt3,a,4.0,3.0,services,services,reputation,mother,1.0,2.0,0,no,yes,no,yes,yes,yes,yes,no,4.0,3.0,2.0,1.0,1.0,1.0,0.0,15.0,14.0,15.0,Good,Higher attendance (0–4 absences),2–5 hours/week,0.0
gp,m,15.0,u,gt3,t,4.0,4.0,teacher,health,reputation,mother,1.0,2.0,0,no,yes,no,yes,yes,yes,no,no,3.0,2.0,2.0,1.0,1.0,5.0,8.0,15.0,15.0,16.0,Good,Moderate (5–10),2–5 hours/week,1.0
gp,m,15.0,u,le3,t,1.0,2.0,other,at_home,home,father,1.0,2.0,0,yes,yes,no,yes,yes,yes,yes,no,4.0,3.0,2.0,1.0,1.0,5.0,0.0,14.0,13.0,14.0,Good,Higher attendance (0–4 absences),2–5 hours/week,0.0
gp,f,16.0,u,gt3,t,4.0,2.0,services,other,course,mother,1.0,2.0,0,no,yes,yes,no,yes,yes,yes,no,4.0,2.0,3.0,1.0,1.0,5.0,2.0,16.0,15.0,16.0,Good,Higher attendance (0–4 absences),2–5 hours/week,0.0
gp,f,16.0,r,gt3,t,4.0,4.0,health,teacher,other,mother,1.0,2.0,0,no,yes,no,yes,yes,yes,no,no,2.0,4.0,4.0,2.0,3.0,4.0,0.0,17.0,16.0,16.0,Good,Higher attendance (0–4 absences),2–5 hours/week,-1.0
gp,f,16.0,u,gt3,t,1.0,1.0,services,services,course,father,4.0,1.0,0,yes,yes,no,yes,no,yes,yes,yes,5.0,5.0,5.0,5.0,5.0,5.0,0.0,10.0,10.0,16.0,Good,Higher attendance (0–4 absences),<2 hours/week,6.0
gp,f,16.0,u,le3,t,1.0,2.0,other,services,reputation,father,1.0,2.0,0,yes,no,no,yes,yes,yes,yes,no,4.0,4.0,3.0,1.0,1.0,1.0,0.0,13.0,13.0,10.0,Average,Higher attendance (0–4 absences),2–5 hours/week,-3.0
gp,f,16.0,u,gt3,t,4.0,3.0,teacher,health,home,mother,1.0,3.0,0,yes,yes,no,yes,yes,yes,yes,no,3.0,4.0,4.0,2.0,4.0,4.0,0.0,14.0,13.0,13.0,Average,Higher attendance (0–4 absences),5–10 hours/week,-1.0
gp,f,15.0,u,le3,t,4.0,3.0,services,services,reputation,father,1.0,2.0,0,yes,no,no,yes,yes,yes,yes,yes,4.0,4.0,4.0,2.0,4.0,2.0,0.0,13.0,12.0,12.0,Average,Higher attendance (0–4 absences),2–5 hours/week,-1.0
gp,f,16.0,u,le3,t,4.0,3.0,teacher,services,course,mother,3.0,2.0,0,no,yes,no,yes,yes,yes,yes,no,5.0,4.0,3.0,1.0,2.0,1.0,2.0,16.0,15.0,16.0,Good,Higher attendance (0–4 absences),2–5 hours/week,0.0
gp,m,15.0,u,gt3,a,4.0,4.0,other,services,reputation,mother,1.0,4.0,0,no,yes,no,yes,no,yes,yes,yes,1.0,3.0,3.0,5.0,5.0,3.0,0.0,11.0,12.0,12.0,Average,Higher attendance (0–4 absences),>10 hours/week,1.0
gp,f,16.0,u,gt3,t,3.0,1.0,services,other,course,mother,1.0,4.0,0,yes,yes,no,no,yes,yes,yes,no,4.0,3.0,3.0,1.0,2.0,5.0,0.0,10.0,9.0,10.0,Average,Higher attendance (0–4 absences),>10 hours/week,0.0
gp,f,15.0,r,le3,t,2.0,2.0,health,services,reputation,mother,2.0,2.0,0,yes,yes,no,no,yes,yes,yes,no,4.0,1.0,3.0,1.0,3.0,4.0,0.0,11.0,10.0,11.0,Average,Higher attendance (0–4 absences),2–5 hours/week,0.0
gp,f,15.0,r,le3,t,3.0,1.0,other,other,reputation,father,2.0,4.0,0,no,yes,no,no,no,yes,yes,no,4.0,4.0,2.0,2.0,3.0,3.0,6.0,15.0,15.0,15.0,Good,Moderate (5–10),>10 hours/week,0.0
gp,m,16.0,u,gt3,t,3.0,1.0,other,other,reputation,father,2.0,4.0,0,no,yes,no,no,yes,yes,yes,no,4.0,3.0,2.0,1.0,1.0,5.0,2.0,13.0,11.0,11.0,Average,Higher attendance (0–4 absences),>10 hours/week,-2.0
gp,m,15.0,u,gt3,t,4.0,2.0,other,other,course,mother,1.0,4.0,0,no,no,no,no,yes,yes,yes,no,3.0,3.0,3.0,1.0,1.0,3.0,0.0,11.0,9.0,10.0,Average,Higher attendance (0–4 absences),>10 hours/week,-1.0
gp,f,15.0,r,gt3,t,1.0,1.0,other,other,reputation,mother,1.0,2.0,0,yes,yes,no,no,no,yes,yes,yes,3.0,3.0,4.0,2.0,4.0,5.0,2.0,13.0,11.0,11.0,Average,Higher attendance (0–4 absences),2–5 hours/week,-2.0
gp,m,16.0,u,gt3,t,3.0,1.0,other,other,reputation,mother,1.0,1.0,0,no,no,no,yes,yes,yes,no,no,5.0,3.0,2.0,2.0,2.0,5.0,0.0,13.0,13.0,14.0,Good,Higher attendance (0–4 absences),<2 hours/week,1.0
gp,f,16.0,u,gt3,t,3.0,3.0,other,services,home,mother,1.0,2.0,0,yes,yes,no,yes,yes,yes,yes,no,4.0,3.0,3.0,2.0,4.0,5.0,4.0,11.0,11.0,11.0,Average,Higher attendance (0–4 absences),2–5 hours/week,0.0
gp,m,15.0,u,gt3,t,4.0,3.0,teacher,other,home,mother,1.0,2.0,0,no,yes,no,yes,yes,yes,yes,no,4.0,3.0,3.0,2.0,3.0,5.0,0.0,11.0,11.0,11.0,Average,Higher attendance (0–4 absences),2–5 hours/week,0.0
gp,m,15.0,u,gt3,t,4.0,0.0,teacher,other,course,mother,2.0,4.0,0,no,no,no,yes,yes,yes,yes,no,3.0,4.0,3.0,1.0,1.0,1.0,0.0,12.0,11.0,11.0,Average,Higher attendance (0–4 absences),>10 hours/week,-1.0
gp,f,16.0,u,gt3,t,2.0,2.0,other,other,reputation,mother,1.0,4.0,0,no,no,no,no,yes,yes,yes,yes,5.0,2.0,3.0,1.0,3.0,3.0,1.0,13.0,13.0,13.0,Average,Higher attendance (0–4 absences),>10 hours/week,0.0
gp,m,17.0,u,gt3,t,2.0,1.0,other,other,home,mother,2.0,1.0,3,yes,yes,no,yes,yes,no,yes,no,4.0,5.0,1.0,1.0,1.0,3.0,0.0,9.0,9.0,10.0,Average,Higher attendance (0–4 absences),<2 hours/week,1.0
gp,f,16.0,u,gt3,t,3.0,4.0,at_home,other,course,mother,1.0,2.0,0,no,yes,no,no,yes,yes,yes,no,2.0,4.0,3.0,1.0,2.0,3.0,14.0,12.0,11.0,11.0,Average,Lower attendance (11+),2–5 hours/week,-1.0
gp,m,15.0,u,gt3,t,2.0,3.0,other,services,course,father,1.0,1.0,0,yes,yes,no,yes,no,yes,yes,yes,3.0,2.0,2.0,1.0,3.0,3.0,0.0,11.0,11.0,12.0,Average,Higher attendance (0–4 absences),<2 hours/week,1.0
gp,m,15.0,u,gt3,t,2.0,3.0,other,other,home,mother,1.0,3.0,0,yes,no,no,no,no,yes,yes,no,5.0,3.0,2.0,1.0,2.0,5.0,2.0,10.0,9.0,9.0,Low,Higher attendance (0–4 absences),5–10 hours/week,-1.0
gp,f,15.0,u,le3,t,3.0,2.0,services,other,reputation,mother,1.0,2.0,0,no,yes,no,no,yes,yes,yes,no,4.0,4.0,4.0,1.0,1.0,5.0,4.0,12.0,11.0,11.0,Average,Higher attendance (0–4 absences),2–5 hours/week,-1.0
gp,m,15.0,u,le3,t,2.0,2.0,services,services,home,mother,2.0,2.0,0,no,no,yes,yes,yes,yes,yes,no,5.0,3.0,3.0,1.0,3.0,4.0,2.0,13.0,12.0,13.0,Average,Higher attendance (0–4 absences),2–5 hours/week,0.0
gp,f,15.0,u,gt3,t,1.0,1.0,other,other,home,father,1.0,2.0,0,no,yes,no,yes,no,yes,yes,no,4.0,3.0,2.0,2.0,3.0,4.0,2.0,13.0,12.0,12.0,Average,Higher attendance (0–4 absences),2–5 hours/week,-1.0
gp,f,15.0,u,gt3,t,4.0,4.0,services,services,reputation,father,2.0,2.0,0,no,no,no,no,yes,yes,yes,yes,4.0,4.0,4.0,2.0,3.0,5.0,4.0,12.0,11.0,12.0,Average,Higher attendance (0–4 absences),2–5 hours/week,0.0
gp,f,16.0,u,le3,t,2.0,2.0,at_home,other,course,mother,1.0,2.0,0,no,yes,no,no,yes,yes,no,no,4.0,3.0,4.0,1.0,2.0,2.0,6.0,13.0,11.0,11.0,Average,Moderate (5–10),2–5 hours/week,-2.0
gp,f,15.0,u,gt3,t,4.0,2.0,other,other,reputation,mother,1.0,3.0,0,no,yes,no,yes,yes,yes,yes,no,5.0,3.0,3.0,1.0,3.0,1.0,4.0,15.0,15.0,15.0,Good,Higher attendance (0–4 absences),5–10 hours/week,0.0
gp,m,16.0,u,gt3,t,2.0,2.0,services,other,reputation,father,2.0,2.0,0,no,no,no,yes,no,yes,yes,no,4.0,4.0,2.0,1.0,1.0,3.0,6.0,12.0,10.0,11.0,Average,Moderate (5–10),2–5 hours/week,-1.0
gp,m,16.0,u,le3,a,4.0,4.0,teacher,health,reputation,mother,1.0,2.0,0,no,yes,no,no,yes,yes,no,no,4.0,1.0,3.0,3.0,5.0,5.0,6.0,9.0,9.0,10.0,Average,Moderate (5–10),2–5 hours/week,1.0
gp,f,16.0,u,gt3,t,3.0,3.0,other,other,home,mother,1.0,3.0,0,no,yes,no,no,yes,yes,yes,yes,4.0,3.0,3.0,1.0,3.0,4.0,2.0,9.0,11.0,11.0,Average,Higher attendance (0–4 absences),5–10 hours/week,2.0
gp,f,15.0,u,gt3,t,4.0,3.0,services,other,reputation,mother,1.0,1.0,0,no,no,no,yes,yes,yes,yes,no,4.0,5.0,5.0,1.0,3.0,1.0,6.0,14.0,13.0,13.0,Average,Moderate (5–10),<2 hours/week,-1.0
gp,f,16.0,u,le3,t,3.0,1.0,other,other,home,father,1.0,2.0,0,yes,yes,no,no,yes,yes,no,no,3.0,3.0,3.0,2.0,3.0,2.0,0.0,12.0,13.0,12.0,Average,Higher attendance (0–4 absences),2–5 hours/week,0.0
gp,f,16.0,u,gt3,t,4.0,2.0,teacher,services,home,mother,2.0,2.0,0,no,yes,no,yes,yes,yes,yes,no,5.0,3.0,3.0,1.0,1.0,1.0,2.0,13.0,14.0,14.0,Good,Higher attendance (0–4 absences),2–5 hours/week,1.0
gp,m,15.0,u,le3,t,2.0,2.0,services,health,reputation,mother,1.0,4.0,0,no,yes,no,yes,yes,yes,yes,no,4.0,3.0,4.0,1.0,1.0,4.0,2.0,11.0,12.0,12.0,Average,Higher attendance (0–4 absences),>10 hours/week,1.0
gp,f,15.0,r,gt3,t,1.0,1.0,at_home,other,home,mother,2.0,4.0,0,yes,yes,yes,yes,yes,yes,yes,no,3.0,1.0,2.0,1.0,1.0,1.0,4.0,13.0,13.0,13.0,Average,Higher attendance (0–4 absences),>10 hours/week,0.0
gp,m,16.0,r,gt3,t,4.0,3.0,services,other,reputation,mother,2.0,1.0,0,yes,yes,yes,yes,no,yes,yes,no,3.0,3.0,3.0,1.0,1.0,4.0,6.0,9.0,11.0,11.0,Average,Moderate (5–10),<2 hours/week,2.0
gp,f,16.0,u,gt3,t,2.0,1.0,other,other,course,mother,1.0,2.0,0,no,yes,no,no,yes,yes,no,yes,4.0,3.0,5.0,1.0,1.0,5.0,0.0,13.0,12.0,12.0,Average,Higher attendance (0–4 absences),2–5 hours/week,-1.0
gp,f,16.0,u,gt3,t,4.0,4.0,other,other,reputation,mother,1.0,1.0,0,no,no,no,yes,no,yes,yes,no,5.0,3.0,4.0,1.0,2.0,1.0,4.0,12.0,13.0,13.0,Average,Higher attendance (0–4 absences),<2 hours/week,1.0
gp,f,16.0,u,gt3,t,4.0,3.0,other,at_home,course,mother,1.0,3.0,0,yes,yes,no,no,yes,yes,yes,no,5.0,3.0,5.0,1.0,1.0,3.0,2.0,12.0,13.0,13.0,Average,Higher attendance (0–4 absences),5–10 hours/week,1.0
gp,m,16.0,u,gt3,t,4.0,4.0,services,services,other,mother,1.0,1.0,0,yes,yes,no,yes,yes,yes,yes,no,4.0,5.0,5.0,5.0,5.0,4.0,12.0,9.0,9.0,8.0,Low,Lower attendance (11+),<2 hours/week,-1.0
gp,m,16.0,u,gt3,t,4.0,4.0,services,teacher,other,father,1.0,3.0,0,no,yes,no,yes,yes,yes,yes,yes,4.0,4.0,3.0,1.0,1.0,4.0,0.0,16.0,16.0,16.0,Good,Higher attendance (0–4 absences),5–10 hours/week,0.0
gp,m,15.0,u,gt3,t,4.0,4.0,services,other,course,mother,1.0,1.0,0,no,yes,yes,yes,no,yes,yes,no,5.0,3.0,3.0,1.0,1.0,5.0,2.0,12.0,13.0,12.0,Average,Higher attendance (0–4 absences),<2 hours/week,0.0
gp,f,15.0,u,gt3,t,3.0,2.0,services,other,home,mother,2.0,2.0,0,yes,yes,no,no,yes,yes,yes,no,4.0,3.0,5.0,1.0,1.0,2.0,16.0,11.0,10.0,10.0,Average,Lower attendance (11+),2–5 hours/week,-1.0
gp,m,15.0,u,gt3,a,3.0,4.0,services,other,course,mother,1.0,2.0,0,no,yes,no,yes,yes,yes,yes,no,5.0,4.0,4.0,1.0,1.0,1.0,0.0,16.0,16.0,16.0,Good,Higher attendance (0–4 absences),2–5 hours/week,0.0
gp,f,15.0,u,gt3,a,3.0,3.0,other,health,reputation,father,1.0,4.0,0,yes,no,no,no,yes,yes,no,no,4.0,3.0,3.0,1.0,1.0,4.0,10.0,10.0,10.0,10.0,Average,Moderate (5–10),>10 hours/week,0.0
gp,f,15.0,u,gt3,t,2.0,2.0,other,other,course,mother,1.0,4.0,0,yes,yes,no,no,yes,yes,yes,no,5.0,1.0,2.0,1.0,1.0,3.0,4.0,10.0,10.0,10.0,Average,Higher attendance (0–4 absences),>10 hours/week,0.0
gp,m,16.0,u,gt3,t,3.0,3.0,services,other,home,father,1.0,3.0,0,no,yes,no,yes,yes,yes,yes,no,5.0,3.0,3.0,1.0,1.0,5.0,4.0,13.0,14.0,14.0,Good,Higher attendance (0–4 absences),5–10 hours/week,1.0
gp,m,15.0,r,gt3,t,4.0,4.0,other,other,home,father,4.0,4.0,0,no,yes,no,yes,yes,yes,yes,yes,1.0,3.0,5.0,3.0,5.0,1.0,8.0,12.0,10.0,11.0,Average,Moderate (5–10),>10 hours/week,-1.0
gp,f,16.0,u,le3,t,4.0,4.0,health,health,other,mother,1.0,3.0,0,no,yes,no,yes,yes,yes,yes,yes,5.0,4.0,5.0,1.0,1.0,4.0,2.0,15.0,15.0,14.0,Good,Higher attendance (0–4 absences),5–10 hours/week,-1.0
gp,m,15.0,u,le3,a,4.0,4.0,teacher,teacher,course,mother,1.0,1.0,0,no,no,no,yes,yes,yes,yes,no,5.0,5.0,3.0,1.0,1.0,4.0,4.0,13.0,14.0,14.0,Good,Higher attendance (0–4 absences),<2 hours/week,1.0
gp,f,16.0,r,gt3,t,3.0,3.0,services,other,reputation,father,1.0,3.0,0,yes,yes,no,yes,yes,yes,yes,no,4.0,1.0,2.0,1.0,1.0,2.0,4.0,11.0,11.0,11.0,Average,Higher attendance (0–4 absences),5–10 hours/week,0.0
gp,f,16.0,u,gt3,t,2.0,2.0,at_home,other,home,mother,1.0,2.0,1,yes,no,no,yes,yes,yes,yes,no,3.0,1.0,2.0,1.0,1.0,5.0,12.0,8.0,10.0,10.0,Average,Lower attendance (11+),2–5 hours/week,2.0
gp,m,15.0,u,le3,t,4.0,2.0,teacher,other,course,mother,1.0,1.0,0,no,no,no,no,yes,yes,yes,no,3.0,5.0,2.0,1.0,1.0,3.0,10.0,18.0,17.0,18.0,Excellent,Moderate (5–10),<2 hours/week,0.0
gp,m,15.0,r,gt3,t,2.0,1.0,health,services,reputation,mother,1.0,2.0,0,no,no,no,yes,yes,yes,yes,yes,5.0,4.0,2.0,1.0,1.0,5.0,4.0,10.0,9.0,10.0,Average,Higher attendance (0–4 absences),2–5 hours/week,0.0
gp,m,16.0,u,gt3,t,4.0,4.0,teacher,teacher,course,father,1.0,2.0,0,no,yes,no,yes,yes,yes,yes,no,5.0,4.0,4.0,1.0,2.0,5.0,6.0,16.0,14.0,14.0,Good,Moderate (5–10),2–5 hours/week,-2.0
gp,m,15.0,u,gt3,t,4.0,4.0,other,teacher,reputation,father,2.0,2.0,0,no,yes,no,yes,yes,yes,no,no,4.0,4.0,3.0,1.0,1.0,2.0,4.0,16.0,15.0,16.0,Good,Higher attendance (0–4 absences),2–5 hours/week,0.0
gp,m,16.0,u,gt3,t,3.0,3.0,other,services,home,father,2.0,1.0,0,no,no,no,yes,yes,yes,yes,no,5.0,4.0,2.0,1.0,1.0,5.0,6.0,14.0,14.0,15.0,Good,Moderate (5–10),<2 hours/week,1.0
gp,m,17.0,r,gt3,t,1.0,3.0,other,other,course,father,3.0,2.0,1,no,yes,no,yes,yes,yes,yes,no,5.0,2.0,4.0,1.0,4.0,5.0,14.0,12.0,11.0,11.0,Average,Lower attendance (11+),2–5 hours/week,-1.0
gp,m,15.0,u,gt3,t,3.0,4.0,other,other,reputation,father,1.0,1.0,0,no,no,no,no,yes,yes,yes,no,3.0,4.0,3.0,1.0,2.0,4.0,2.0,14.0,13.0,14.0,Good,Higher attendance (0–4 absences),<2 hours/week,0.0
gp,f,15.0,u,gt3,t,1.0,2.0,at_home,services,course,mother,1.0,2.0,0,no,no,no,no,no,yes,yes,no,3.0,2.0,3.0,1.0,2.0,1.0,0.0,14.0,14.0,14.0,Good,Higher attendance (0–4 absences),2–5 hours/week,0.0
gp,m,15.0,u,gt3,t,2.0,2.0,services,services,home,father,1.0,4.0,0,no,yes,no,yes,yes,yes,yes,no,5.0,5.0,4.0,1.0,2.0,5.0,6.0,14.0,13.0,13.0,Average,Moderate (5–10),>10 hours/week,-1.0
gp,f,16.0,u,le3,t,2.0,4.0,other,health,course,father,2.0,2.0,0,no,yes,no,yes,yes,yes,yes,yes,4.0,2.0,2.0,1.0,2.0,5.0,2.0,14.0,12.0,13.0,Average,Higher attendance (0–4 absences),2–5 hours/week,-1.0
gp,m,16.0,u,gt3,t,4.0,4.0,health,other,course,mother,1.0,1.0,0,no,yes,no,yes,yes,yes,yes,no,3.0,4.0,4.0,1.0,4.0,5.0,4.0,12.0,13.0,13.0,Average,Higher attendance (0–4 absences),<2 hours/week,1.0
gp,f,16.0,u,gt3,t,2.0,2.0,other,other,home,mother,1.0,2.0,0,no,no,no,no,yes,yes,yes,yes,5.0,4.0,4.0,1.0,1.0,5.0,0.0,12.0,11.0,11.0,Average,Higher attendance (0–4 absences),2–5 hours/week,-1.0
gp,m,15.0,u,gt3,t,3.0,4.0,services,services,home,father,1.0,1.0,0,yes,no,no,no,yes,yes,yes,no,5.0,5.0,5.0,3.0,2.0,5.0,2.0,9.0,9.0,9.0,Low,Higher attendance (0–4 absences),<2 hours/week,0.0
gp,f,15.0,u,le3,a,3.0,4.0,other,other,home,mother,1.0,2.0,0,yes,no,no,yes,yes,yes,yes,yes,5.0,3.0,2.0,1.0,1.0,1.0,0.0,10.0,11.0,11.0,Average,Higher attendance (0–4 absences),2–5 hours/week,1.0
gp,f,19.0,u,gt3,t,0.0,1.0,at_home,other,course,other,1.0,2.0,2,no,yes,no,no,no,no,no,no,3.0,4.0,2.0,1.0,1.0,5.0,0.0,9.0,10.0,11.0,Average,Higher attendance (0–4 absences),2–5 hours/week,2.0
gp,m,16.0,r,gt3,t,4.0,4.0,teacher,teacher,course,mother,1.0,1.0,0,no,no,no,yes,yes,yes,yes,no,3.0,5.0,5.0,2.0,5.0,4.0,8.0,14.0,14.0,15.0,Good,Moderate (5–10),<2 hours/week,1.0
gp,m,16.0,u,gt3,t,2.0,3.0,other,other,course,mother,2.0,3.0,0,no,yes,no,no,no,yes,yes,yes,3.0,2.0,3.0,2.0,2.0,1.0,4.0,13.0,12.0,13.0,Average,Higher attendance (0–4 absences),5–10 hours/week,0.0
gp,f,15.0,r,gt3,t,3.0,4.0,services,teacher,course,father,2.0,3.0,0,no,yes,no,no,yes,yes,yes,yes,4.0,2.0,2.0,2.0,2.0,5.0,0.0,10.0,11.0,12.0,Average,Higher attendance (0–4 absences),5–10 hours/week,2.0
gp,f,18.0,u,gt3,t,2.0,1.0,services,other,reputation,mother,1.0,2.0,3,no,yes,no,yes,yes,no,yes,yes,5.0,4.0,5.0,1.0,3.0,5.0,10.0,10.0,9.0,8.0,Low,Moderate (5–10),2–5 hours/week,-2.0
gp,f,17.0,u,le3,a,2.0,1.0,other,other,course,mother,3.0,1.0,0,no,yes,no,no,yes,yes,yes,no,3.0,2.0,2.0,1.0,2.0,5.0,8.0,11.0,10.0,11.0,Average,Moderate (5–10),<2 hours/week,0.0
gp,f,15.0,u,gt3,t,1.0,1.0,at_home,other,course,mother,3.0,1.0,0,no,yes,no,yes,no,yes,yes,yes,4.0,3.0,3.0,1.0,2.0,4.0,6.0,11.0,12.0,13.0,Average,Moderate (5–10),<2 hours/week,2.0
gp,f,17.0,u,le3,t,2.0,2.0,other,other,course,father,1.0,1.0,0,no,yes,no,no,yes,yes,yes,yes,3.0,4.0,4.0,1.0,3.0,5.0,2.0,13.0,12.0,12.0,Average,Higher attendance (0–4 absences),<2 hours/week,-1.0
gp,f,16.0,u,gt3,a,3.0,4.0,services,other,course,father,1.0,1.0,0,no,no,no,no,yes,yes,yes,no,3.0,2.0,1.0,1.0,4.0,5.0,12.0,15.0,13.0,14.0,Good,Lower attendance (11+),<2 hours/week,-1.0
gp,m,16.0,u,gt3,t,2.0,1.0,at_home,other,course,mother,4.0,1.0,0,no,no,no,no,yes,yes,no,no,3.0,2.0,1.0,1.0,1.0,2.0,4.0,9.0,9.0,11.0,Average,Higher attendance (0–4 absences),<2 hours/week,2.0
gp,f,16.0,u,gt3,a,2.0,2.0,other,other,home,mother,1.0,1.0,1,no,no,no,no,yes,yes,no,no,5.0,3.0,4.0,1.0,1.0,5.0,12.0,13.0,11.0,11.0,Average,Lower attendance (11+),<2 hours/week,-2.0
gp,m,15.0,r,gt3,t,3.0,4.0,at_home,teacher,course,mother,4.0,2.0,0,no,yes,no,no,yes,yes,no,yes,5.0,3.0,3.0,1.0,1.0,5.0,2.0,12.0,11.0,11.0,Average,Higher attendance (0–4 absences),2–5 hours/week,-1.0
gp,f,15.0,u,gt3,t,4.0,4.0,services,at_home,course,mother,1.0,3.0,0,no,yes,no,yes,yes,yes,yes,yes,4.0,3.0,3.0,1.0,1.0,5.0,4.0,13.0,14.0,15.0,Good,Higher attendance (0–4 absences),5–10 hours/week,2.0
gp,m,17.0,r,gt3,t,3.0,4.0,at_home,other,course,mother,3.0,2.0,0,no,no,no,no,yes,yes,no,no,5.0,4.0,5.0,2.0,4.0,5.0,2.0,10.0,9.0,10.0,Average,Higher attendance (0–4 absences),2–5 hours/week,0.0
gp,f,16.0,r,gt3,t,1.0,1.0,at_home,other,course,mother,4.0,2.0,0,no,yes,no,no,yes,yes,no,no,5.0,1.0,3.0,1.0,1.0,3.0,0.0,14.0,13.0,13.0,Average,Higher attendance (0–4 absences),2–5 hours/week,-1.0
gp,m,18.0,u,le3,t,3.0,1.0,services,services,course,mother,2.0,1.0,0,no,no,no,yes,yes,yes,yes,yes,3.0,3.0,4.0,4.0,5.0,4.0,2.0,11.0,11.0,12.0,Average,Higher attendance (0–4 absences),<2 hours/week,1.0
gp,f,18.0,u,gt3,a,3.0,2.0,other,services,course,other,1.0,3.0,0,no,yes,no,yes,no,yes,yes,yes,4.0,3.0,3.0,5.0,1.0,5.0,10.0,12.0,11.0,11.0,Average,Moderate (5–10),5–10 hours/week,-1.0
gp,f,16.0,r,gt3,t,1.0,1.0,other,services,reputation,mother,2.0,1.0,0,no,yes,no,yes,yes,yes,no,yes,3.0,3.0,3.0,1.0,2.0,1.0,8.0,12.0,11.0,11.0,Average,Moderate (5–10),<2 hours/week,-1.0
gp,f,16.0,u,gt3,a,3.0,3.0,other,other,course,other,2.0,1.0,0,no,yes,no,yes,no,yes,yes,yes,4.0,3.0,2.0,1.0,1.0,5.0,4.0,9.0,9.0,10.0,Average,Higher attendance (0–4 absences),<2 hours/week,1.0
gp,m,16.0,u,le3,t,1.0,1.0,services,other,course,mother,1.0,2.0,2,no,no,no,no,yes,yes,no,yes,4.0,4.0,4.0,1.0,3.0,5.0,0.0,10.0,10.0,10.0,Average,Higher attendance (0–4 absences),2–5 hours/week,0.0
gp,f,15.0,u,gt3,t,4.0,4.0,teacher,teacher,course,mother,2.0,1.0,0,no,no,no,yes,yes,yes,yes,no,4.0,3.0,2.0,1.0,1.0,5.0,6.0,13.0,14.0,14.0,Good,Moderate (5–10),<2 hours/week,1.0
gp,f,15.0,r,gt3,t,1.0,1.0,other,other,course,mother,3.0,1.0,1,no,no,no,yes,yes,yes,yes,yes,5.0,5.0,5.0,1.0,1.0,1.0,2.0,8.0,9.0,9.0,Low,Higher attendance (0–4 absences),<2 hours/week,1.0
gp,m,15.0,u,gt3,t,4.0,3.0,teacher,services,course,father,2.0,4.0,0,yes,yes,no,no,yes,yes,yes,no,2.0,2.0,2.0,1.0,1.0,3.0,6.0,9.0,11.0,11.0,Average,Moderate (5–10),>10 hours/week,2.0
gp,f,15.0,u,gt3,a,3.0,3.0,services,services,home,mother,1.0,2.0,0,no,no,no,no,no,yes,no,yes,1.0,3.0,2.0,2.0,3.0,1.0,24.0,9.0,8.0,9.0,Low,Lower attendance (11+),2–5 hours/week,0.0
gp,m,16.0,u,gt3,t,4.0,4.0,services,services,course,mother,1.0,3.0,0,no,yes,no,yes,yes,yes,yes,no,5.0,3.0,3.0,1.0,3.0,5.0,0.0,15.0,13.0,13.0,Average,Higher attendance (0–4 absences),5–10 hours/week,-2.0
gp,m,16.0,u,le3,t,2.0,2.0,services,services,reputation,father,2.0,1.0,0,no,yes,no,yes,yes,yes,yes,no,2.0,3.0,3.0,2.0,2.0,2.0,4.0,12.0,11.0,11.0,Average,Higher attendance (0–4 absences),<2 hours/week,-1.0
gp,f,15.0,u,gt3,t,4.0,4.0,teacher,services,course,mother,1.0,3.0,0,no,yes,no,yes,yes,yes,yes,no,4.0,2.0,2.0,1.0,1.0,5.0,2.0,13.0,13.0,13.0,Average,Higher attendance (0–4 absences),5–10 hours/week,0.0
gp,f,16.0,u,le3,t,1.0,1.0,at_home,at_home,course,mother,1.0,1.0,0,no,no,no,no,yes,yes,yes,no,3.0,4.0,4.0,3.0,3.0,1.0,4.0,10.0,11.0,11.0,Average,Higher attendance (0–4 absences),<2 hours/week,1.0
gp,m,17.0,u,gt3,t,2.0,1.0,other,other,home,mother,1.0,1.0,0,no,yes,no,no,yes,yes,yes,no,5.0,4.0,5.0,1.0,2.0,5.0,22.0,9.0,7.0,6.0,Low,Lower attendance (11+),<2 hours/week,-3.0
gp,f,15.0,u,gt3,t,1.0,1.0,other,services,course,father,1.0,2.0,0,no,yes,no,no,yes,yes,yes,no,4.0,4.0,2.0,1.0,2.0,5.0,0.0,12.0,12.0,12.0,Average,Higher attendance (0–4 absences),2–5 hours/week,0.0
gp,f,15.0,u,le3,a,2.0,1.0,at_home,other,home,mother,2.0,1.0,0,no,yes,no,yes,yes,no,yes,yes,4.0,4.0,2.0,1.0,1.0,5.0,0.0,11.0,10.0,10.0,Average,Higher attendance (0–4 absences),<2 hours/week,-1.0
gp,f,15.0,u,gt3,t,3.0,2.0,health,services,home,father,1.0,2.0,1,no,yes,no,no,yes,yes,yes,no,3.0,3.0,2.0,1.0,1.0,3.0,2.0,11.0,11.0,11.0,Average,Higher attendance (0–4 absences),2–5 hours/week,0.0
gp,f,15.0,u,gt3,t,1.0,2.0,at_home,other,course,mother,1.0,2.0,0,no,yes,no,no,no,yes,yes,no,4.0,3.0,2.0,1.0,1.0,5.0,6.0,13.0,12.0,13.0,Average,Moderate (5–10),2–5 hours/week,0.0
gp,f,15.0,u,gt3,t,1.0,2.0,at_home,services,course,father,1.0,2.0,0,no,no,no,no,no,yes,no,yes,2.0,3.0,4.0,2.0,4.0,1.0,6.0,11.0,11.0,11.0,Average,Moderate (5–10),2–5 hours/week,0.0
gp,m,16.0,u,gt3,t,4.0,4.0,teacher,teacher,course,mother,1.0,1.0,0,no,yes,no,no,yes,no,yes,yes,3.0,3.0,2.0,2.0,1.0,5.0,16.0,9.0,9.0,8.0,Low,Lower attendance (11+),<2 hours/week,-1.0
gp,m,15.0,u,le3,a,2.0,1.0,services,other,course,mother,4.0,1.0,0,no,no,no,no,yes,yes,yes,no,4.0,5.0,5.0,2.0,5.0,5.0,0.0,12.0,11.0,11.0,Average,Higher attendance (0–4 absences),<2 hours/week,-1.0
gp,m,18.0,u,le3,t,1.0,1.0,other,other,course,mother,1.0,1.0,2,no,no,no,no,yes,no,yes,yes,2.0,3.0,5.0,2.0,5.0,4.0,0.0,11.0,9.0,0.0,Low,Higher attendance (0–4 absences),<2 hours/week,-11.0
gp,m,16.0,u,le3,t,2.0,1.0,at_home,other,course,mother,1.0,1.0,1,no,no,no,yes,yes,yes,no,yes,4.0,4.0,4.0,3.0,5.0,5.0,6.0,9.0,10.0,10.0,Average,Moderate (5–10),<2 hours/week,1.0
gp,f,15.0,r,gt3,t,3.0,3.0,services,services,reputation,other,2.0,3.0,0,no,yes,yes,yes,yes,yes,yes,yes,4.0,2.0,1.0,2.0,3.0,3.0,2.0,13.0,13.0,13.0,Average,Higher attendance (0–4 absences),5–10 hours/week,0.0
gp,m,19.0,u,gt3,t,3.0,2.0,services,at_home,home,mother,1.0,1.0,0,no,yes,no,no,yes,no,yes,yes,4.0,5.0,4.0,1.0,1.0,4.0,6.0,11.0,9.0,11.0,Average,Moderate (5–10),<2 hours/week,0.0
gp,f,17.0,u,gt3,t,4.0,4.0,other,teacher,course,mother,1.0,1.0,0,yes,yes,no,no,yes,yes,no,yes,4.0,2.0,1.0,1.0,1.0,4.0,0.0,13.0,13.0,13.0,Average,Higher attendance (0–4 absences),<2 hours/week,0.0
gp,m,15.0,r,gt3,t,2.0,3.0,at_home,services,course,mother,1.0,2.0,0,yes,no,yes,yes,yes,yes,no,no,4.0,4.0,4.0,1.0,1.0,1.0,0.0,7.0,8.0,8.0,Low,Higher attendance (0–4 absences),2–5 hours/week,1.0
gp,m,17.0,r,le3,t,1.0,2.0,other,other,reputation,mother,1.0,1.0,3,no,no,no,no,yes,yes,no,no,2.0,2.0,2.0,3.0,3.0,5.0,14.0,9.0,8.0,10.0,Average,Lower attendance (11+),<2 hours/week,1.0
gp,f,18.0,r,gt3,t,1.0,1.0,at_home,other,course,mother,3.0,1.0,3,no,yes,no,yes,no,yes,no,no,5.0,2.0,5.0,1.0,5.0,4.0,6.0,11.0,10.0,11.0,Average,Moderate (5–10),<2 hours/week,0.0
gp,m,16.0,r,gt3,t,2.0,2.0,at_home,other,course,mother,3.0,1.0,0,no,no,no,no,no,yes,no,no,4.0,2.0,2.0,1.0,2.0,3.0,4.0,12.0,10.0,11.0,Average,Higher attendance (0–4 absences),<2 hours/week,-1.0
gp,m,16.0,u,gt3,t,3.0,3.0,other,services,course,father,1.0,2.0,1,no,yes,no,no,yes,yes,yes,yes,4.0,5.0,5.0,4.0,4.0,5.0,0.0,10.0,10.0,1.0,Low,Higher attendance (0–4 absences),2–5 hours/week,-9.0
gp,m,16.0,u,le3,t,1.0,2.0,health,services,course,mother,2.0,1.0,2,no,no,no,no,no,yes,yes,no,4.0,4.0,5.0,3.0,5.0,5.0,0.0,9.0,8.0,10.0,Average,Higher attendance (0–4 absences),<2 hours/week,1.0
gp,m,17.0,r,le3,t,2.0,1.0,at_home,other,course,mother,2.0,1.0,1,no,no,yes,yes,yes,no,yes,yes,3.0,3.0,2.0,2.0,2.0,5.0,8.0,8.0,8.0,9.0,Low,Moderate (5–10),<2 hours/week,1.0
gp,m,17.0,r,gt3,t,3.0,2.0,other,other,course,mother,2.0,2.0,2,yes,yes,no,no,yes,yes,yes,yes,4.0,4.0,4.0,1.0,4.0,3.0,4.0,7.0,6.0,8.0,Low,Higher attendance (0–4 absences),2–5 hours/week,1.0
gp,m,15.0,u,le3,t,1.0,2.0,other,other,course,mother,2.0,1.0,0,no,no,no,yes,yes,yes,no,no,4.0,4.0,4.0,2.0,4.0,5.0,2.0,8.0,9.0,10.0,Average,Higher attendance (0–4 absences),<2 hours/week,2.0
gp,m,16.0,u,gt3,t,1.0,3.0,at_home,services,course,father,1.0,1.0,1,no,no,no,no,yes,no,yes,no,5.0,3.0,3.0,1.0,4.0,2.0,2.0,9.0,8.0,8.0,Low,Higher attendance (0–4 absences),<2 hours/week,-1.0
gp,m,17.0,r,le3,t,1.0,1.0,other,services,course,mother,4.0,2.0,0,no,no,no,yes,yes,no,no,yes,5.0,3.0,5.0,1.0,5.0,5.0,0.0,8.0,8.0,8.0,Low,Higher attendance (0–4 absences),2–5 hours/week,0.0
gp,m,17.0,u,gt3,t,3.0,2.0,services,services,course,mother,2.0,1.0,3,no,yes,no,yes,no,no,no,no,4.0,5.0,2.0,1.0,1.0,2.0,10.0,8.0,7.0,8.0,Low,Moderate (5–10),<2 hours/week,0.0
gp,m,16.0,u,gt3,t,2.0,2.0,other,other,course,father,1.0,2.0,0,no,no,no,no,yes,no,yes,no,4.0,3.0,5.0,2.0,4.0,4.0,0.0,9.0,10.0,11.0,Average,Higher attendance (0–4 absences),2–5 hours/week,2.0
gp,f,16.0,u,gt3,t,4.0,2.0,health,services,home,father,1.0,2.0,0,no,no,no,no,yes,yes,yes,yes,4.0,2.0,3.0,1.0,1.0,3.0,0.0,17.0,17.0,18.0,Excellent,Higher attendance (0–4 absences),2–5 hours/week,1.0
gp,f,16.0,u,gt3,t,2.0,2.0,other,other,home,mother,1.0,2.0,0,no,yes,no,no,no,yes,yes,no,5.0,1.0,5.0,1.0,1.0,4.0,0.0,12.0,12.0,13.0,Average,Higher attendance (0–4 absences),2–5 hours/week,1.0
gp,f,16.0,u,gt3,t,4.0,4.0,health,health,reputation,mother,1.0,2.0,0,no,yes,no,no,yes,yes,yes,yes,4.0,4.0,2.0,1.0,1.0,3.0,0.0,16.0,16.0,17.0,Excellent,Higher attendance (0–4 absences),2–5 hours/week,1.0
gp,m,16.0,u,gt3,t,3.0,4.0,other,other,course,father,3.0,1.0,1,no,yes,no,yes,no,yes,yes,no,3.0,4.0,5.0,2.0,4.0,2.0,4.0,9.0,9.0,10.0,Average,Higher attendance (0–4 absences),<2 hours/week,1.0
gp,m,16.0,u,gt3,t,1.0,0.0,other,other,reputation,mother,2.0,2.0,0,no,yes,no,yes,yes,yes,yes,yes,4.0,3.0,2.0,1.0,1.0,3.0,0.0,16.0,17.0,18.0,Excellent,Higher attendance (0–4 absences),2–5 hours/week,2.0
gp,m,17.0,u,le3,t,4.0,4.0,teacher,other,reputation,mother,1.0,2.0,0,no,yes,no,yes,yes,yes,yes,no,4.0,4.0,4.0,1.0,3.0,5.0,0.0,11.0,9.0,10.0,Average,Higher attendance (0–4 absences),2–5 hours/week,-1.0
gp,f,16.0,u,gt3,t,1.0,3.0,at_home,services,home,mother,1.0,2.0,0,no,no,no,yes,no,yes,yes,yes,4.0,3.0,5.0,1.0,1.0,3.0,0.0,14.0,13.0,13.0,Average,Higher attendance (0–4 absences),2–5 hours/week,-1.0
gp,f,16.0,u,le3,t,3.0,3.0,other,other,reputation,mother,2.0,2.0,0,no,yes,no,yes,yes,yes,yes,no,4.0,4.0,5.0,1.0,1.0,4.0,0.0,14.0,14.0,15.0,Good,Higher attendance (0–4 absences),2–5 hours/week,1.0
gp,m,17.0,u,le3,t,4.0,3.0,teacher,other,course,mother,2.0,2.0,0,no,no,no,yes,yes,yes,yes,no,4.0,4.0,4.0,4.0,4.0,4.0,0.0,10.0,11.0,11.0,Average,Higher attendance (0–4 absences),2–5 hours/week,1.0
gp,f,16.0,u,gt3,t,2.0,2.0,services,other,reputation,mother,2.0,2.0,0,no,no,no,yes,no,yes,yes,no,3.0,4.0,4.0,1.0,4.0,5.0,0.0,13.0,12.0,14.0,Good,Higher attendance (0–4 absences),2–5 hours/week,1.0
gp,m,17.0,u,gt3,t,3.0,3.0,other,other,reputation,father,1.0,2.0,0,no,no,no,yes,no,yes,yes,no,4.0,3.0,4.0,1.0,4.0,4.0,4.0,11.0,9.0,10.0,Average,Higher attendance (0–4 absences),2–5 hours/week,-1.0
gp,m,16.0,r,gt3,t,4.0,2.0,teacher,services,other,mother,1.0,1.0,0,no,yes,no,yes,yes,yes,yes,yes,4.0,3.0,3.0,3.0,4.0,3.0,8.0,10.0,9.0,11.0,Average,Moderate (5–10),<2 hours/week,1.0
gp,m,17.0,u,gt3,t,4.0,3.0,other,other,course,mother,1.0,2.0,0,no,yes,yes,yes,yes,yes,yes,yes,5.0,2.0,3.0,1.0,1.0,2.0,4.0,11.0,11.0,13.0,Average,Higher attendance (0–4 absences),2–5 hours/week,2.0
gp,m,16.0,u,gt3,t,4.0,3.0,teacher,other,home,mother,1.0,2.0,0,no,yes,yes,yes,yes,yes,yes,no,3.0,4.0,3.0,2.0,3.0,3.0,4.0,11.0,10.0,11.0,Average,Higher attendance (0–4 absences),2–5 hours/week,0.0
gp,m,16.0,u,gt3,t,3.0,3.0,services,other,home,mother,1.0,2.0,0,no,no,no,yes,yes,yes,yes,yes,4.0,2.0,3.0,1.0,2.0,3.0,0.0,11.0,12.0,13.0,Average,Higher attendance (0–4 absences),2–5 hours/week,2.0
gp,f,17.0,u,gt3,t,2.0,4.0,services,services,reputation,father,1.0,2.0,0,no,yes,no,yes,yes,yes,no,no,5.0,4.0,2.0,2.0,3.0,5.0,0.0,17.0,18.0,17.0,Excellent,Higher attendance (0–4 absences),2–5 hours/week,0.0
gp,f,17.0,u,le3,t,3.0,3.0,other,other,reputation,mother,1.0,2.0,0,no,yes,no,yes,yes,yes,yes,yes,5.0,3.0,3.0,2.0,3.0,1.0,32.0,14.0,13.0,14.0,Good,Lower attendance (11+),2–5 hours/week,0.0
gp,f,16.0,u,gt3,t,3.0,2.0,other,other,reputation,mother,1.0,2.0,0,no,yes,no,no,yes,yes,yes,no,1.0,2.0,2.0,1.0,2.0,1.0,8.0,14.0,15.0,16.0,Good,Moderate (5–10),2–5 hours/week,2.0
gp,m,17.0,u,gt3,t,3.0,3.0,services,services,other,mother,1.0,2.0,0,no,yes,no,yes,yes,yes,yes,yes,4.0,3.0,4.0,2.0,3.0,4.0,6.0,11.0,13.0,14.0,Good,Moderate (5–10),2–5 hours/week,3.0
gp,m,16.0,u,gt3,t,1.0,2.0,services,services,other,mother,1.0,1.0,0,no,yes,no,yes,yes,yes,yes,yes,3.0,3.0,3.0,1.0,2.0,3.0,0.0,10.0,9.0,11.0,Average,Higher attendance (0–4 absences),<2 hours/week,1.0
gp,m,16.0,u,le3,t,2.0,1.0,other,other,course,mother,1.0,2.0,0,no,no,no,yes,yes,yes,yes,yes,4.0,2.0,3.0,1.0,2.0,5.0,0.0,13.0,14.0,16.0,Good,Higher attendance (0–4 absences),2–5 hours/week,3.0
gp,f,17.0,u,gt3,a,3.0,3.0,health,other,reputation,mother,1.0,2.0,0,no,yes,no,no,no,yes,yes,yes,3.0,3.0,3.0,1.0,3.0,3.0,10.0,12.0,13.0,14.0,Good,Moderate (5–10),2–5 hours/week,2.0
gp,m,17.0,r,gt3,t,1.0,2.0,at_home,other,home,mother,1.0,2.0,0,no,no,no,no,yes,yes,no,no,3.0,1.0,3.0,1.0,5.0,3.0,6.0,9.0,9.0,10.0,Average,Moderate (5–10),2–5 hours/week,1.0
gp,f,16.0,u,gt3,t,2.0,3.0,services,services,course,mother,1.0,2.0,0,no,no,no,no,yes,yes,yes,no,4.0,3.0,3.0,1.0,1.0,2.0,6.0,12.0,12.0,13.0,Average,Moderate (5–10),2–5 hours/week,1.0
gp,f,17.0,u,gt3,t,1.0,1.0,at_home,services,course,mother,1.0,2.0,0,no,no,no,yes,yes,yes,yes,no,5.0,3.0,3.0,1.0,1.0,3.0,0.0,12.0,11.0,12.0,Average,Higher attendance (0–4 absences),2–5 hours/week,0.0
gp,m,17.0,u,gt3,t,1.0,2.0,at_home,services,other,other,2.0,2.0,0,no,no,no,yes,no,yes,yes,no,4.0,4.0,4.0,4.0,5.0,5.0,16.0,10.0,11.0,12.0,Average,Lower attendance (11+),2–5 hours/week,2.0
gp,m,16.0,r,gt3,t,3.0,3.0,services,services,reputation,mother,1.0,1.0,0,no,yes,no,yes,yes,yes,yes,no,4.0,3.0,2.0,3.0,4.0,5.0,0.0,11.0,10.0,10.0,Average,Higher attendance (0–4 absences),<2 hours/week,-1.0
gp,m,16.0,u,gt3,t,2.0,3.0,other,other,home,father,2.0,1.0,0,no,no,no,no,yes,yes,yes,no,5.0,3.0,3.0,1.0,1.0,3.0,0.0,13.0,12.0,12.0,Average,Higher attendance (0–4 absences),<2 hours/week,-1.0
gp,f,17.0,u,le3,t,2.0,4.0,services,services,course,father,1.0,2.0,0,no,no,no,yes,yes,yes,yes,yes,4.0,3.0,2.0,1.0,1.0,5.0,8.0,14.0,15.0,16.0,Good,Moderate (5–10),2–5 hours/week,2.0
gp,m,17.0,u,gt3,t,4.0,4.0,services,teacher,home,mother,1.0,1.0,0,no,no,no,no,yes,yes,yes,no,5.0,2.0,3.0,1.0,2.0,5.0,4.0,13.0,13.0,14.0,Good,Higher attendance (0–4 absences),<2 hours/week,1.0
gp,m,16.0,r,le3,t,3.0,3.0,teacher,other,home,father,3.0,1.0,0,no,yes,no,yes,yes,yes,yes,no,3.0,3.0,4.0,3.0,5.0,3.0,16.0,10.0,11.0,12.0,Average,Lower attendance (11+),<2 hours/week,2.0
gp,f,17.0,u,gt3,t,4.0,4.0,services,teacher,home,mother,2.0,1.0,1,no,yes,no,no,yes,yes,yes,no,4.0,2.0,4.0,2.0,3.0,2.0,30.0,14.0,15.0,16.0,Good,Lower attendance (11+),<2 hours/week,2.0
gp,f,16.0,u,le3,t,4.0,4.0,teacher,teacher,reputation,mother,1.0,2.0,0,no,yes,no,no,yes,yes,yes,no,4.0,5.0,2.0,1.0,2.0,3.0,0.0,11.0,10.0,11.0,Average,Higher attendance (0–4 absences),2–5 hours/week,0.0
gp,f,16.0,u,gt3,t,4.0,3.0,health,other,home,mother,1.0,2.0,0,no,yes,no,yes,yes,yes,yes,no,4.0,3.0,5.0,1.0,5.0,2.0,2.0,14.0,14.0,15.0,Good,Higher attendance (0–4 absences),2–5 hours/week,1.0
gp,f,16.0,u,gt3,t,2.0,3.0,other,other,reputation,mother,1.0,2.0,0,yes,yes,no,yes,yes,yes,no,no,4.0,4.0,3.0,1.0,3.0,4.0,4.0,11.0,12.0,12.0,Average,Higher attendance (0–4 absences),2–5 hours/week,1.0
gp,f,17.0,u,gt3,t,1.0,1.0,other,other,course,mother,1.0,2.0,0,no,yes,no,no,no,yes,no,no,4.0,4.0,4.0,1.0,3.0,1.0,0.0,14.0,15.0,15.0,Good,Higher attendance (0–4 absences),2–5 hours/week,1.0
gp,f,17.0,r,gt3,t,2.0,2.0,other,other,reputation,mother,1.0,1.0,0,no,yes,no,no,yes,yes,yes,no,5.0,3.0,2.0,1.0,2.0,3.0,21.0,13.0,13.0,13.0,Average,Lower attendance (11+),<2 hours/week,0.0
gp,f,16.0,r,gt3,t,2.0,2.0,services,services,reputation,mother,2.0,4.0,0,no,yes,no,yes,no,yes,yes,no,5.0,3.0,5.0,1.0,1.0,5.0,6.0,13.0,13.0,13.0,Average,Moderate (5–10),>10 hours/week,0.0
gp,f,17.0,u,gt3,t,3.0,4.0,at_home,services,home,mother,1.0,3.0,1,no,yes,yes,no,yes,yes,yes,yes,4.0,4.0,3.0,3.0,4.0,5.0,14.0,8.0,9.0,8.0,Low,Lower attendance (11+),5–10 hours/week,0.0
gp,f,16.0,u,gt3,a,3.0,1.0,services,other,course,mother,1.0,2.0,0,no,yes,no,no,yes,yes,yes,no,2.0,3.0,3.0,2.0,2.0,4.0,2.0,11.0,11.0,12.0,Average,Higher attendance (0–4 absences),2–5 hours/week,1.0
gp,f,16.0,u,gt3,t,4.0,3.0,teacher,other,other,mother,1.0,2.0,0,no,no,no,yes,yes,yes,yes,yes,1.0,3.0,2.0,1.0,1.0,1.0,4.0,14.0,15.0,15.0,Good,Higher attendance (0–4 absences),2–5 hours/week,1.0
gp,f,16.0,u,gt3,t,1.0,1.0,at_home,other,home,mother,2.0,1.0,0,no,yes,no,no,yes,yes,no,no,4.0,3.0,2.0,1.0,4.0,5.0,2.0,12.0,13.0,13.0,Average,Higher attendance (0–4 absences),<2 hours/week,1.0
gp,f,17.0,r,gt3,t,4.0,3.0,teacher,other,reputation,mother,2.0,3.0,0,no,yes,no,yes,yes,yes,yes,yes,4.0,4.0,2.0,1.0,1.0,4.0,0.0,11.0,12.0,12.0,Average,Higher attendance (0–4 absences),5–10 hours/week,1.0
gp,f,19.0,u,gt3,t,3.0,3.0,other,other,reputation,other,1.0,4.0,0,no,yes,no,yes,yes,yes,yes,no,4.0,3.0,3.0,1.0,2.0,3.0,4.0,12.0,12.0,12.0,Average,Higher attendance (0–4 absences),>10 hours/week,0.0
gp,m,17.0,u,le3,t,4.0,4.0,services,other,home,mother,1.0,2.0,0,no,yes,no,no,yes,yes,yes,yes,5.0,3.0,5.0,4.0,5.0,3.0,15.0,13.0,12.0,12.0,Average,Lower attendance (11+),2–5 hours/week,-1.0
gp,f,16.0,u,gt3,a,2.0,2.0,other,other,reputation,mother,1.0,2.0,0,yes,yes,no,no,yes,yes,yes,no,3.0,3.0,4.0,1.0,1.0,4.0,0.0,13.0,13.0,13.0,Average,Higher attendance (0–4 absences),2–5 hours/week,0.0
gp,m,18.0,u,gt3,t,2.0,2.0,services,other,home,mother,1.0,2.0,0,no,yes,no,yes,yes,yes,yes,no,4.0,4.0,4.0,2.0,4.0,5.0,10.0,12.0,11.0,11.0,Average,Moderate (5–10),2–5 hours/week,-1.0
gp,f,17.0,r,le3,t,4.0,4.0,services,other,other,mother,1.0,1.0,0,no,yes,no,no,yes,yes,no,no,5.0,2.0,1.0,1.0,2.0,3.0,6.0,12.0,11.0,11.0,Average,Moderate (5–10),<2 hours/week,-1.0
gp,f,17.0,u,le3,t,3.0,2.0,other,other,reputation,mother,2.0,2.0,0,no,no,no,no,yes,yes,yes,no,4.0,4.0,4.0,1.0,3.0,1.0,2.0,14.0,16.0,15.0,Good,Higher attendance (0–4 absences),2–5 hours/week,1.0
gp,f,17.0,u,gt3,t,4.0,3.0,other,other,reputation,mother,1.0,2.0,0,no,no,no,no,yes,yes,yes,yes,3.0,4.0,5.0,2.0,4.0,1.0,16.0,11.0,9.0,10.0,Average,Lower attendance (11+),2–5 hours/week,-1.0
gp,m,18.0,u,le3,t,3.0,3.0,services,health,home,father,1.0,2.0,0,no,yes,no,no,yes,yes,yes,no,3.0,2.0,4.0,2.0,4.0,4.0,10.0,10.0,10.0,10.0,Average,Moderate (5–10),2–5 hours/week,0.0
gp,f,17.0,u,gt3,t,2.0,3.0,at_home,other,home,father,2.0,1.0,0,no,yes,no,no,yes,yes,no,no,3.0,3.0,3.0,1.0,4.0,3.0,4.0,12.0,13.0,13.0,Average,Higher attendance (0–4 absences),<2 hours/week,1.0
gp,f,17.0,u,gt3,t,2.0,2.0,at_home,at_home,course,mother,1.0,3.0,0,no,yes,no,yes,yes,yes,yes,no,4.0,3.0,3.0,1.0,1.0,4.0,0.0,12.0,12.0,13.0,Average,Higher attendance (0–4 absences),5–10 hours/week,1.0
gp,f,17.0,r,gt3,t,2.0,1.0,at_home,services,reputation,mother,2.0,2.0,0,no,yes,no,yes,yes,yes,yes,no,4.0,2.0,5.0,1.0,2.0,5.0,0.0,11.0,10.0,11.0,Average,Higher attendance (0–4 absences),2–5 hours/week,0.0
gp,f,17.0,u,gt3,t,1.0,1.0,at_home,other,reputation,mother,1.0,3.0,0,no,yes,no,yes,yes,yes,no,yes,4.0,3.0,4.0,1.0,1.0,5.0,12.0,12.0,12.0,12.0,Average,Lower attendance (11+),5–10 hours/week,0.0
gp,f,16.0,u,gt3,t,2.0,3.0,services,teacher,other,mother,1.0,2.0,0,yes,no,no,no,yes,yes,yes,no,2.0,3.0,1.0,1.0,1.0,3.0,0.0,13.0,13.0,14.0,Good,Higher attendance (0–4 absences),2–5 hours/week,1.0
gp,m,18.0,u,gt3,t,2.0,2.0,other,other,home,mother,2.0,2.0,3,no,yes,yes,no,yes,yes,yes,no,3.0,3.0,3.0,5.0,5.0,4.0,9.0,10.0,9.0,10.0,Average,Moderate (5–10),2–5 hours/week,0.0
gp,f,16.0,u,gt3,t,4.0,4.0,teacher,services,home,mother,1.0,3.0,0,no,yes,no,yes,no,yes,yes,no,5.0,3.0,2.0,1.0,1.0,5.0,4.0,15.0,16.0,16.0,Good,Higher attendance (0–4 absences),5–10 hours/week,1.0
gp,f,18.0,r,gt3,t,3.0,1.0,other,other,reputation,mother,1.0,2.0,0,no,no,no,yes,yes,yes,yes,yes,5.0,3.0,3.0,1.0,1.0,4.0,4.0,8.0,8.0,8.0,Low,Higher attendance (0–4 absences),2–5 hours/week,0.0
gp,f,17.0,u,gt3,t,3.0,2.0,other,other,course,mother,1.0,2.0,0,no,no,no,yes,no,yes,yes,no,5.0,3.0,4.0,1.0,3.0,3.0,2.0,17.0,18.0,17.0,Excellent,Higher attendance (0–4 absences),2–5 hours/week,0.0
gp,m,17.0,u,le3,t,2.0,3.0,services,services,reputation,father,1.0,2.0,0,no,yes,no,no,no,yes,yes,no,5.0,3.0,3.0,1.0,3.0,3.0,0.0,10.0,11.0,11.0,Average,Higher attendance (0–4 absences),2–5 hours/week,1.0
gp,m,18.0,u,le3,t,2.0,1.0,at_home,other,course,mother,4.0,2.0,0,yes,yes,no,yes,yes,yes,yes,yes,4.0,3.0,2.0,4.0,5.0,3.0,2.0,9.0,10.0,11.0,Average,Higher attendance (0–4 absences),2–5 hours/week,2.0
gp,f,17.0,u,gt3,a,2.0,1.0,other,other,course,mother,2.0,3.0,0,no,no,no,yes,yes,yes,yes,yes,3.0,2.0,3.0,1.0,2.0,3.0,0.0,15.0,15.0,16.0,Good,Higher attendance (0–4 absences),5–10 hours/week,1.0
gp,f,17.0,u,le3,t,4.0,3.0,health,other,reputation,father,1.0,2.0,0,no,no,no,yes,yes,yes,yes,yes,3.0,2.0,3.0,1.0,2.0,3.0,0.0,14.0,12.0,12.0,Average,Higher attendance (0–4 absences),2–5 hours/week,-2.0
gp,m,17.0,r,gt3,t,2.0,2.0,other,other,course,father,2.0,2.0,0,no,yes,no,yes,yes,yes,yes,no,4.0,5.0,2.0,1.0,1.0,1.0,0.0,12.0,13.0,13.0,Average,Higher attendance (0–4 absences),2–5 hours/week,1.0
gp,m,17.0,u,gt3,t,4.0,4.0,teacher,teacher,reputation,mother,1.0,2.0,0,yes,yes,no,yes,yes,yes,yes,yes,4.0,5.0,5.0,1.0,3.0,2.0,0.0,13.0,13.0,13.0,Average,Higher attendance (0–4 absences),2–5 hours/week,0.0
gp,m,16.0,u,gt3,t,4.0,4.0,health,other,reputation,father,1.0,2.0,0,no,yes,no,yes,yes,yes,yes,no,4.0,2.0,4.0,2.0,4.0,1.0,0.0,13.0,13.0,14.0,Good,Higher attendance (0–4 absences),2–5 hours/week,1.0
gp,m,16.0,u,le3,t,1.0,1.0,other,other,home,mother,2.0,2.0,0,no,yes,no,no,yes,yes,yes,no,3.0,4.0,2.0,1.0,1.0,5.0,2.0,9.0,9.0,9.0,Low,Higher attendance (0–4 absences),2–5 hours/week,0.0
gp,m,16.0,u,gt3,t,3.0,2.0,at_home,other,reputation,mother,2.0,3.0,0,no,no,no,yes,yes,yes,yes,yes,5.0,3.0,3.0,1.0,3.0,2.0,0.0,12.0,12.0,12.0,Average,Higher attendance (0–4 absences),5–10 hours/week,0.0
gp,m,17.0,u,le3,t,2.0,2.0,other,other,home,father,1.0,2.0,0,no,no,no,yes,no,yes,yes,yes,4.0,4.0,2.0,5.0,5.0,4.0,0.0,16.0,16.0,16.0,Good,Higher attendance (0–4 absences),2–5 hours/week,0.0
gp,f,16.0,u,gt3,t,2.0,1.0,other,other,home,mother,1.0,1.0,0,no,no,no,no,yes,yes,yes,yes,4.0,5.0,2.0,1.0,1.0,5.0,4.0,9.0,10.0,10.0,Average,Higher attendance (0–4 absences),<2 hours/week,1.0
gp,f,16.0,u,gt3,a,4.0,1.0,other,other,home,mother,1.0,2.0,0,no,no,no,yes,yes,yes,yes,yes,5.0,3.0,3.0,1.0,2.0,5.0,0.0,14.0,13.0,13.0,Average,Higher attendance (0–4 absences),2–5 hours/week,-1.0
gp,f,18.0,u,le3,a,2.0,4.0,services,other,course,mother,2.0,2.0,1,no,yes,no,no,yes,yes,yes,no,4.0,3.0,3.0,1.0,1.0,3.0,18.0,10.0,10.0,10.0,Average,Lower attendance (11+),2–5 hours/week,0.0
gp,f,18.0,u,le3,t,2.0,2.0,at_home,services,course,mother,1.0,2.0,1,no,yes,no,no,no,yes,yes,yes,5.0,3.0,1.0,1.0,1.0,5.0,16.0,9.0,8.0,10.0,Average,Lower attendance (11+),2–5 hours/week,1.0
gp,f,18.0,u,gt3,t,3.0,3.0,other,other,course,mother,2.0,1.0,1,no,no,no,no,yes,no,yes,no,4.0,1.0,1.0,1.0,1.0,3.0,14.0,8.0,7.0,7.0,Low,Lower attendance (11+),<2 hours/week,-1.0
gp,m,18.0,u,gt3,t,2.0,2.0,other,at_home,course,other,1.0,1.0,1,no,yes,no,yes,no,no,yes,yes,4.0,4.0,3.0,2.0,2.0,1.0,26.0,7.0,8.0,8.0,Low,Lower attendance (11+),<2 hours/week,1.0
gp,m,17.0,u,gt3,t,4.0,4.0,teacher,teacher,course,mother,1.0,1.0,0,no,yes,no,yes,no,yes,yes,no,4.0,2.0,1.0,1.0,2.0,5.0,6.0,10.0,8.0,9.0,Low,Moderate (5–10),<2 hours/week,-1.0
gp,f,17.0,u,gt3,t,3.0,2.0,other,other,course,father,1.0,2.0,0,no,no,no,yes,yes,yes,no,no,5.0,4.0,2.0,1.0,1.0,3.0,4.0,14.0,14.0,15.0,Good,Higher attendance (0–4 absences),2–5 hours/week,1.0
gp,f,17.0,u,le3,t,1.0,1.0,at_home,at_home,course,mother,1.0,3.0,0,no,yes,no,yes,yes,yes,yes,yes,4.0,3.0,2.0,1.0,2.0,4.0,10.0,11.0,10.0,10.0,Average,Moderate (5–10),5–10 hours/week,-1.0
gp,f,16.0,u,gt3,t,1.0,2.0,other,other,course,mother,1.0,1.0,0,no,no,no,no,yes,no,yes,no,5.0,3.0,5.0,1.0,2.0,5.0,4.0,12.0,11.0,11.0,Average,Higher attendance (0–4 absences),<2 hours/week,-1.0
gp,f,17.0,r,gt3,t,2.0,1.0,at_home,services,course,mother,3.0,2.0,0,no,no,no,yes,yes,yes,no,no,2.0,1.0,1.0,1.0,1.0,3.0,2.0,13.0,13.0,13.0,Average,Higher attendance (0–4 absences),2–5 hours/week,0.0
gp,f,17.0,r,le3,a,1.0,4.0,other,other,course,other,4.0,1.0,1,no,yes,no,no,yes,yes,yes,no,5.0,5.0,4.0,1.0,1.0,5.0,14.0,9.0,9.0,8.0,Low,Lower attendance (11+),<2 hours/week,-1.0
gp,m,18.0,u,gt3,t,2.0,2.0,other,services,reputation,father,1.0,2.0,0,no,no,no,no,yes,no,yes,no,5.0,5.0,4.0,3.0,5.0,2.0,16.0,8.0,7.0,8.0,Low,Lower attendance (11+),2–5 hours/week,0.0
gp,f,17.0,u,le3,a,2.0,2.0,other,other,home,mother,1.0,1.0,1,no,yes,no,no,no,no,yes,no,3.0,1.0,2.0,1.0,1.0,1.0,8.0,11.0,9.0,10.0,Average,Moderate (5–10),<2 hours/week,-1.0
gp,f,17.0,r,le3,t,1.0,1.0,at_home,other,course,mother,2.0,3.0,0,no,no,no,yes,yes,yes,yes,no,4.0,3.0,3.0,1.0,3.0,5.0,4.0,15.0,14.0,15.0,Good,Higher attendance (0–4 absences),5–10 hours/week,0.0
gp,f,17.0,u,le3,a,4.0,2.0,teacher,other,course,mother,1.0,2.0,0,no,yes,no,yes,yes,yes,no,no,4.0,3.0,2.0,1.0,1.0,4.0,4.0,15.0,14.0,14.0,Good,Higher attendance (0–4 absences),2–5 hours/week,-1.0
gp,m,17.0,u,le3,t,4.0,3.0,health,other,course,mother,2.0,2.0,0,no,no,no,yes,yes,yes,yes,yes,2.0,5.0,5.0,1.0,4.0,5.0,8.0,15.0,15.0,15.0,Good,Moderate (5–10),2–5 hours/week,0.0
gp,m,17.0,r,le3,a,4.0,4.0,teacher,other,course,mother,2.0,2.0,0,no,yes,no,no,yes,yes,yes,no,3.0,3.0,3.0,2.0,3.0,4.0,0.0,12.0,12.0,12.0,Average,Higher attendance (0–4 absences),2–5 hours/week,0.0
gp,m,16.0,u,le3,t,4.0,3.0,teacher,other,course,mother,1.0,1.0,0,no,no,no,yes,no,yes,yes,no,5.0,4.0,5.0,1.0,1.0,3.0,7.0,14.0,14.0,15.0,Good,Moderate (5–10),<2 hours/week,1.0
gp,m,16.0,u,gt3,t,4.0,4.0,services,services,course,mother,1.0,1.0,0,no,no,yes,yes,yes,yes,yes,no,5.0,3.0,2.0,1.0,2.0,5.0,4.0,14.0,15.0,15.0,Good,Higher attendance (0–4 absences),<2 hours/week,1.0
gp,f,17.0,u,gt3,t,4.0,4.0,teacher,services,course,mother,1.0,2.0,0,no,yes,yes,no,yes,yes,yes,yes,5.0,3.0,1.0,1.0,4.0,5.0,2.0,11.0,11.0,12.0,Average,Higher attendance (0–4 absences),2–5 hours/week,1.0
gp,m,17.0,r,gt3,t,1.0,1.0,other,other,home,father,2.0,3.0,0,no,no,no,no,no,yes,yes,yes,4.0,3.0,3.0,1.0,1.0,1.0,2.0,13.0,14.0,15.0,Good,Higher attendance (0–4 absences),5–10 hours/week,2.0
gp,f,17.0,u,gt3,t,3.0,3.0,services,other,home,mother,2.0,3.0,0,no,yes,no,no,yes,yes,yes,yes,4.0,2.0,2.0,2.0,3.0,5.0,10.0,11.0,11.0,11.0,Average,Moderate (5–10),5–10 hours/week,0.0
gp,f,17.0,u,gt3,t,1.0,1.0,at_home,other,course,mother,1.0,2.0,0,yes,no,no,no,no,yes,no,yes,4.0,3.0,2.0,1.0,1.0,4.0,10.0,10.0,9.0,10.0,Average,Moderate (5–10),2–5 hours/week,0.0
gp,f,18.0,u,gt3,t,2.0,1.0,other,other,course,other,2.0,3.0,0,no,yes,no,no,no,yes,yes,yes,4.0,4.0,4.0,1.0,1.0,3.0,10.0,12.0,10.0,11.0,Average,Moderate (5–10),5–10 hours/week,-1.0
gp,m,16.0,u,gt3,t,2.0,1.0,other,other,course,mother,3.0,1.0,0,no,no,no,no,yes,yes,yes,no,4.0,3.0,3.0,1.0,1.0,4.0,7.0,15.0,16.0,16.0,Good,Moderate (5–10),<2 hours/week,1.0
gp,f,17.0,u,gt3,t,1.0,1.0,other,services,course,father,1.0,2.0,0,no,yes,no,no,yes,yes,no,no,4.0,3.0,4.0,1.0,2.0,5.0,4.0,11.0,10.0,11.0,Average,Higher attendance (0–4 absences),2–5 hours/week,0.0
gp,m,17.0,u,gt3,t,2.0,3.0,other,other,course,father,2.0,1.0,0,no,no,no,no,yes,yes,yes,no,5.0,2.0,2.0,1.0,1.0,2.0,2.0,9.0,12.0,13.0,Average,Higher attendance (0–4 absences),<2 hours/week,4.0
gp,m,22.0,u,gt3,t,3.0,1.0,services,services,other,mother,1.0,1.0,3,no,no,no,no,no,no,yes,yes,5.0,4.0,5.0,5.0,5.0,1.0,12.0,7.0,8.0,5.0,Low,Lower attendance (11+),<2 hours/week,-2.0
gp,m,18.0,r,le3,t,3.0,3.0,other,services,course,mother,1.0,2.0,0,no,yes,no,no,yes,yes,yes,yes,4.0,3.0,3.0,1.0,3.0,5.0,8.0,10.0,9.0,10.0,Average,Moderate (5–10),2–5 hours/week,0.0
gp,m,16.0,u,gt3,t,0.0,2.0,other,other,other,mother,1.0,1.0,0,no,no,no,no,no,yes,yes,no,4.0,3.0,2.0,2.0,4.0,5.0,0.0,11.0,12.0,11.0,Average,Higher attendance (0–4 absences),<2 hours/week,0.0
gp,m,18.0,u,gt3,t,3.0,2.0,services,other,course,mother,2.0,1.0,0,no,no,no,no,yes,no,yes,no,4.0,4.0,5.0,2.0,4.0,5.0,8.0,7.0,8.0,7.0,Low,Moderate (5–10),<2 hours/week,0.0
gp,m,16.0,u,gt3,t,3.0,3.0,at_home,other,reputation,other,3.0,2.0,1,yes,yes,no,no,no,yes,yes,no,5.0,3.0,3.0,1.0,3.0,2.0,4.0,9.0,11.0,10.0,Average,Higher attendance (0–4 absences),2–5 hours/week,1.0
gp,m,18.0,u,gt3,t,2.0,1.0,services,services,other,mother,1.0,1.0,2,no,no,no,no,no,no,yes,no,3.0,2.0,5.0,2.0,5.0,5.0,4.0,7.0,8.0,6.0,Low,Higher attendance (0–4 absences),<2 hours/week,-1.0
gp,m,16.0,r,gt3,t,2.0,1.0,other,other,course,mother,2.0,1.0,0,no,no,no,yes,no,yes,no,no,3.0,3.0,2.0,1.0,3.0,3.0,2.0,14.0,13.0,12.0,Average,Higher attendance (0–4 absences),<2 hours/week,-2.0
gp,m,17.0,r,gt3,t,2.0,1.0,other,other,course,mother,1.0,1.0,0,no,no,no,no,no,yes,yes,no,4.0,4.0,2.0,2.0,4.0,5.0,0.0,12.0,12.0,13.0,Average,Higher attendance (0–4 absences),<2 hours/week,1.0
gp,m,17.0,u,le3,t,1.0,1.0,health,other,course,mother,2.0,1.0,1,no,yes,no,yes,yes,yes,yes,no,4.0,4.0,4.0,1.0,2.0,5.0,0.0,9.0,10.0,10.0,Average,Higher attendance (0–4 absences),<2 hours/week,1.0
gp,f,18.0,u,le3,a,2.0,1.0,other,other,course,mother,1.0,2.0,0,no,yes,no,no,no,yes,yes,yes,4.0,3.0,4.0,1.0,3.0,5.0,2.0,12.0,12.0,13.0,Average,Higher attendance (0–4 absences),2–5 hours/week,1.0
gp,f,17.0,u,le3,t,4.0,2.0,teacher,services,reputation,mother,1.0,4.0,0,no,yes,no,yes,yes,yes,yes,no,4.0,2.0,3.0,1.0,1.0,4.0,2.0,14.0,15.0,17.0,Excellent,Higher attendance (0–4 absences),>10 hours/week,3.0
gp,f,19.0,u,gt3,t,2.0,2.0,services,services,home,mother,1.0,2.0,0,no,yes,no,no,yes,yes,yes,no,4.0,3.0,3.0,1.0,1.0,5.0,0.0,10.0,10.0,11.0,Average,Higher attendance (0–4 absences),2–5 hours/week,1.0
gp,m,18.0,u,le3,t,2.0,1.0,services,other,course,mother,3.0,2.0,1,no,no,no,yes,no,no,yes,no,4.0,4.0,5.0,4.0,4.0,5.0,4.0,11.0,10.0,11.0,Average,Higher attendance (0–4 absences),2–5 hours/week,0.0
gp,f,17.0,r,gt3,t,4.0,2.0,other,other,course,mother,1.0,3.0,0,no,yes,no,yes,yes,yes,yes,no,4.0,3.0,4.0,1.0,3.0,5.0,2.0,11.0,12.0,14.0,Good,Higher attendance (0–4 absences),5–10 hours/week,3.0
gp,f,18.0,u,le3,t,1.0,1.0,other,at_home,home,mother,1.0,3.0,0,no,yes,no,no,no,yes,no,no,4.0,4.0,3.0,2.0,3.0,3.0,4.0,11.0,12.0,14.0,Good,Higher attendance (0–4 absences),5–10 hours/week,3.0
gp,f,18.0,r,gt3,t,2.0,2.0,other,other,home,mother,1.0,2.0,0,yes,no,no,no,yes,yes,no,no,3.0,2.0,3.0,1.0,1.0,5.0,4.0,11.0,11.0,13.0,Average,Higher attendance (0–4 absences),2–5 hours/week,2.0
gp,m,19.0,u,le3,a,4.0,3.0,services,at_home,reputation,mother,1.0,2.0,0,no,yes,no,no,yes,yes,yes,no,4.0,3.0,1.0,1.0,1.0,1.0,4.0,11.0,13.0,14.0,Good,Higher attendance (0–4 absences),2–5 hours/week,3.0
gp,m,18.0,u,gt3,t,2.0,1.0,other,other,home,mother,1.0,2.0,0,no,no,no,yes,yes,yes,yes,no,5.0,2.0,4.0,1.0,2.0,4.0,2.0,16.0,16.0,16.0,Good,Higher attendance (0–4 absences),2–5 hours/week,0.0
gp,m,17.0,r,gt3,t,2.0,2.0,other,services,other,mother,2.0,1.0,0,no,no,no,no,no,no,no,no,5.0,2.0,2.0,1.0,1.0,4.0,0.0,9.0,10.0,10.0,Average,Higher attendance (0–4 absences),<2 hours/week,1.0
gp,f,17.0,u,le3,t,2.0,2.0,services,services,course,father,1.0,4.0,0,no,no,no,yes,yes,yes,yes,yes,3.0,4.0,1.0,1.0,1.0,2.0,2.0,10.0,11.0,12.0,Average,Higher attendance (0–4 absences),>10 hours/week,2.0
gp,f,20.0,r,gt3,t,2.0,1.0,other,other,course,other,2.0,2.0,0,no,yes,yes,yes,yes,no,yes,yes,1.0,2.0,3.0,1.0,2.0,2.0,8.0,10.0,12.0,12.0,Average,Moderate (5–10),2–5 hours/week,2.0
gp,f,18.0,u,gt3,t,4.0,3.0,services,other,home,father,1.0,2.0,0,no,yes,no,no,yes,yes,yes,yes,3.0,1.0,2.0,1.0,3.0,2.0,2.0,15.0,15.0,15.0,Good,Higher attendance (0–4 absences),2–5 hours/week,0.0
gp,m,18.0,u,gt3,t,4.0,3.0,teacher,other,course,mother,1.0,2.0,0,no,yes,no,no,no,yes,yes,no,4.0,3.0,2.0,1.0,1.0,3.0,2.0,10.0,10.0,11.0,Average,Higher attendance (0–4 absences),2–5 hours/week,1.0
gp,m,18.0,r,gt3,t,3.0,2.0,other,other,course,mother,1.0,3.0,0,no,no,no,yes,no,yes,no,no,5.0,3.0,2.0,1.0,1.0,3.0,2.0,10.0,11.0,12.0,Average,Higher attendance (0–4 absences),5–10 hours/week,2.0
gp,f,17.0,u,gt3,t,3.0,3.0,other,other,home,mother,1.0,3.0,0,no,no,no,yes,no,yes,no,no,3.0,2.0,3.0,1.0,1.0,4.0,2.0,15.0,12.0,13.0,Average,Higher attendance (0–4 absences),5–10 hours/week,-2.0
gp,f,18.0,u,gt3,t,2.0,2.0,at_home,services,home,mother,1.0,3.0,0,no,yes,no,yes,yes,yes,yes,yes,4.0,3.0,3.0,1.0,1.0,3.0,0.0,11.0,12.0,13.0,Average,Higher attendance (0–4 absences),5–10 hours/week,2.0
gp,m,17.0,u,gt3,t,2.0,2.0,other,other,home,father,2.0,1.0,0,no,no,no,no,yes,no,yes,no,4.0,4.0,4.0,2.0,3.0,4.0,8.0,8.0,8.0,9.0,Low,Moderate (5–10),<2 hours/week,1.0
gp,m,18.0,r,le3,a,3.0,4.0,other,other,reputation,mother,2.0,2.0,0,no,yes,no,yes,yes,yes,yes,no,4.0,2.0,5.0,3.0,4.0,1.0,6.0,15.0,16.0,16.0,Good,Moderate (5–10),2–5 hours/week,1.0
gp,m,17.0,u,gt3,t,3.0,1.0,services,other,other,mother,1.0,2.0,0,no,no,no,yes,yes,yes,yes,yes,5.0,4.0,4.0,3.0,4.0,5.0,0.0,11.0,11.0,14.0,Good,Higher attendance (0–4 absences),2–5 hours/week,3.0
gp,f,18.0,r,gt3,t,4.0,4.0,teacher,other,reputation,mother,2.0,2.0,0,no,no,no,yes,yes,yes,yes,no,4.0,3.0,4.0,2.0,2.0,4.0,8.0,10.0,11.0,12.0,Average,Moderate (5–10),2–5 hours/week,2.0
gp,m,18.0,u,gt3,t,4.0,2.0,health,other,reputation,father,1.0,2.0,0,no,yes,no,yes,yes,yes,yes,yes,5.0,4.0,5.0,1.0,3.0,5.0,4.0,10.0,12.0,14.0,Good,Higher attendance (0–4 absences),2–5 hours/week,4.0
gp,f,18.0,r,gt3,t,2.0,1.0,other,other,reputation,mother,2.0,2.0,0,no,yes,no,no,yes,no,yes,yes,4.0,3.0,5.0,1.0,2.0,3.0,12.0,8.0,9.0,10.0,Average,Lower attendance (11+),2–5 hours/week,2.0
gp,f,19.0,u,gt3,t,3.0,3.0,other,services,home,other,1.0,2.0,0,no,yes,no,yes,yes,yes,yes,no,4.0,3.0,5.0,3.0,3.0,5.0,16.0,11.0,12.0,12.0,Average,Lower attendance (11+),2–5 hours/week,1.0
gp,f,18.0,u,gt3,t,2.0,3.0,other,services,reputation,father,1.0,4.0,0,no,yes,no,yes,yes,yes,yes,yes,4.0,5.0,5.0,1.0,3.0,2.0,10.0,16.0,16.0,16.0,Good,Moderate (5–10),>10 hours/week,0.0
gp,f,18.0,u,le3,t,1.0,1.0,other,other,home,mother,2.0,2.0,0,no,yes,no,no,no,yes,no,no,4.0,4.0,3.0,1.0,1.0,3.0,2.0,13.0,13.0,13.0,Average,Higher attendance (0–4 absences),2–5 hours/week,0.0
gp,m,17.0,r,gt3,t,1.0,2.0,at_home,at_home,home,mother,1.0,2.0,0,no,yes,no,yes,no,yes,no,yes,3.0,5.0,2.0,2.0,2.0,1.0,2.0,16.0,17.0,18.0,Excellent,Higher attendance (0–4 absences),2–5 hours/week,2.0
gp,f,18.0,u,gt3,t,2.0,1.0,other,other,home,mother,1.0,2.0,0,no,yes,no,no,yes,yes,yes,yes,4.0,2.0,5.0,1.0,2.0,1.0,8.0,14.0,14.0,15.0,Good,Moderate (5–10),2–5 hours/week,1.0
gp,f,17.0,u,gt3,t,2.0,4.0,at_home,health,reputation,mother,2.0,2.0,0,no,yes,no,no,yes,yes,yes,yes,4.0,3.0,3.0,1.0,1.0,1.0,6.0,15.0,16.0,16.0,Good,Moderate (5–10),2–5 hours/week,1.0
gp,f,17.0,u,le3,t,2.0,2.0,services,other,course,mother,2.0,2.0,0,yes,yes,no,no,yes,yes,yes,yes,4.0,4.0,4.0,2.0,3.0,5.0,6.0,12.0,12.0,12.0,Average,Moderate (5–10),2–5 hours/week,0.0
gp,f,18.0,r,gt3,a,3.0,2.0,other,services,home,mother,2.0,2.0,0,no,no,no,no,no,no,yes,yes,4.0,1.0,1.0,1.0,1.0,5.0,15.0,12.0,9.0,10.0,Average,Lower attendance (11+),2–5 hours/week,-2.0
gp,m,18.0,u,gt3,t,4.0,4.0,teacher,services,home,mother,2.0,1.0,0,no,no,no,yes,yes,yes,yes,no,3.0,2.0,4.0,1.0,4.0,3.0,6.0,11.0,12.0,12.0,Average,Moderate (5–10),<2 hours/week,1.0
gp,f,18.0,u,gt3,t,4.0,4.0,health,health,reputation,father,1.0,2.0,1,yes,yes,no,yes,yes,yes,yes,yes,2.0,4.0,4.0,1.0,1.0,4.0,2.0,14.0,12.0,13.0,Average,Higher attendance (0–4 absences),2–5 hours/week,-1.0
gp,f,17.0,u,gt3,t,2.0,2.0,other,services,reputation,father,3.0,3.0,0,no,yes,no,no,yes,yes,yes,yes,4.0,2.0,3.0,1.0,1.0,1.0,8.0,13.0,15.0,15.0,Good,Moderate (5–10),5–10 hours/week,2.0
gp,f,19.0,r,gt3,t,3.0,2.0,services,services,reputation,father,1.0,2.0,1,yes,yes,no,no,yes,no,yes,no,3.0,3.0,3.0,4.0,3.0,3.0,0.0,9.0,8.0,10.0,Average,Higher attendance (0–4 absences),2–5 hours/week,1.0
gp,m,18.0,u,le3,t,4.0,3.0,teacher,services,course,mother,2.0,1.0,0,no,no,no,yes,yes,yes,yes,no,4.0,2.0,3.0,1.0,2.0,1.0,0.0,10.0,10.0,10.0,Average,Higher attendance (0–4 absences),<2 hours/week,0.0
gp,m,18.0,u,gt3,t,1.0,2.0,at_home,other,home,other,2.0,1.0,0,no,no,no,no,no,no,yes,no,3.0,4.0,4.0,2.0,4.0,4.0,10.0,10.0,10.0,11.0,Average,Moderate (5–10),<2 hours/week,1.0
gp,m,17.0,u,le3,a,4.0,1.0,services,other,home,mother,2.0,1.0,0,no,no,no,yes,yes,yes,yes,yes,4.0,5.0,4.0,2.0,4.0,5.0,22.0,11.0,11.0,10.0,Average,Lower attendance (11+),<2 hours/week,-1.0
gp,m,17.0,u,le3,a,3.0,2.0,teacher,services,home,mother,1.0,1.0,0,no,no,no,no,yes,yes,yes,no,4.0,4.0,4.0,3.0,4.0,3.0,18.0,13.0,13.0,13.0,Average,Lower attendance (11+),<2 hours/week,0.0
gp,f,18.0,r,le3,t,1.0,1.0,at_home,other,reputation,mother,2.0,4.0,0,no,yes,no,yes,yes,yes,no,no,5.0,2.0,2.0,1.0,1.0,3.0,2.0,17.0,17.0,18.0,Excellent,Higher attendance (0–4 absences),>10 hours/week,1.0
gp,f,18.0,u,gt3,t,1.0,1.0,other,other,home,mother,2.0,2.0,0,yes,no,no,yes,yes,yes,yes,no,5.0,4.0,4.0,1.0,1.0,4.0,0.0,12.0,13.0,13.0,Average,Higher attendance (0–4 absences),2–5 hours/week,1.0
gp,f,17.0,u,gt3,t,2.0,2.0,other,other,course,mother,1.0,2.0,0,no,yes,no,no,no,yes,yes,no,5.0,4.0,5.0,1.0,2.0,5.0,12.0,12.0,12.0,14.0,Good,Lower attendance (11+),2–5 hours/week,2.0
gp,f,18.0,u,gt3,t,2.0,1.0,other,other,reputation,mother,2.0,2.0,0,no,no,no,yes,yes,yes,yes,yes,4.0,3.0,1.0,1.0,1.0,5.0,10.0,12.0,13.0,14.0,Good,Moderate (5–10),2–5 hours/week,2.0
gp,m,17.0,u,gt3,t,1.0,1.0,other,other,reputation,father,1.0,2.0,0,no,no,no,no,no,yes,yes,no,4.0,3.0,3.0,1.0,2.0,4.0,0.0,12.0,12.0,12.0,Average,Higher attendance (0–4 absences),2–5 hours/week,0.0
gp,f,18.0,u,gt3,t,2.0,2.0,at_home,at_home,other,mother,1.0,3.0,0,no,yes,no,no,yes,yes,yes,no,4.0,3.0,3.0,1.0,2.0,2.0,0.0,18.0,18.0,18.0,Excellent,Higher attendance (0–4 absences),5–10 hours/week,0.0
gp,f,17.0,u,gt3,t,1.0,1.0,services,teacher,reputation,mother,1.0,3.0,0,no,yes,no,no,yes,yes,yes,no,4.0,3.0,3.0,1.0,1.0,3.0,0.0,13.0,13.0,14.0,Good,Higher attendance (0–4 absences),5–10 hours/week,1.0
gp,m,18.0,u,gt3,t,2.0,1.0,services,services,reputation,mother,1.0,3.0,0,no,no,no,yes,yes,yes,yes,no,4.0,2.0,4.0,1.0,3.0,2.0,0.0,14.0,15.0,15.0,Good,Higher attendance (0–4 absences),5–10 hours/week,1.0
gp,m,18.0,u,le3,a,4.0,4.0,teacher,teacher,reputation,mother,1.0,2.0,0,no,yes,no,yes,yes,yes,yes,no,5.0,4.0,3.0,1.0,1.0,2.0,0.0,17.0,17.0,17.0,Excellent,Higher attendance (0–4 absences),2–5 hours/week,0.0
gp,m,18.0,u,gt3,t,4.0,2.0,teacher,other,home,mother,1.0,2.0,0,no,yes,no,yes,yes,yes,yes,yes,4.0,3.0,2.0,1.0,4.0,5.0,2.0,15.0,16.0,16.0,Good,Higher attendance (0–4 absences),2–5 hours/week,1.0
gp,f,17.0,u,gt3,t,4.0,3.0,health,services,reputation,mother,1.0,3.0,0,no,yes,no,no,yes,yes,yes,no,4.0,2.0,2.0,1.0,2.0,3.0,0.0,17.0,18.0,18.0,Excellent,Higher attendance (0–4 absences),5–10 hours/week,1.0
gp,f,17.0,r,le3,t,3.0,1.0,services,other,reputation,mother,2.0,4.0,0,no,yes,no,no,yes,yes,no,no,3.0,1.0,2.0,1.0,1.0,3.0,0.0,18.0,19.0,19.0,Excellent,Higher attendance (0–4 absences),>10 hours/week,1.0
gp,m,18.0,r,le3,t,3.0,2.0,services,other,reputation,mother,2.0,3.0,0,no,yes,no,yes,yes,yes,yes,no,5.0,4.0,2.0,1.0,1.0,4.0,0.0,14.0,15.0,15.0,Good,Higher attendance (0–4 absences),5–10 hours/week,1.0
gp,m,17.0,u,gt3,t,3.0,3.0,health,other,home,mother,1.0,1.0,0,no,yes,no,no,yes,yes,yes,no,4.0,4.0,3.0,1.0,3.0,5.0,0.0,14.0,15.0,15.0,Good,Higher attendance (0–4 absences),<2 hours/week,1.0
gp,f,19.0,u,gt3,t,4.0,4.0,health,other,reputation,other,2.0,2.0,0,no,yes,no,yes,yes,yes,yes,no,2.0,3.0,4.0,2.0,3.0,2.0,2.0,14.0,13.0,13.0,Average,Higher attendance (0–4 absences),2–5 hours/week,-1.0
gp,f,18.0,u,le3,t,4.0,3.0,other,other,home,other,2.0,2.0,0,no,yes,no,no,yes,yes,yes,yes,4.0,4.0,5.0,1.0,2.0,2.0,0.0,13.0,14.0,14.0,Good,Higher attendance (0–4 absences),2–5 hours/week,1.0
gp,f,18.0,u,gt3,t,4.0,3.0,other,other,reputation,father,1.0,4.0,0,no,yes,no,no,yes,yes,yes,no,4.0,3.0,3.0,1.0,1.0,3.0,0.0,16.0,17.0,17.0,Excellent,Higher attendance (0–4 absences),>10 hours/week,1.0
gp,m,18.0,u,le3,t,4.0,4.0,teacher,teacher,home,mother,1.0,1.0,0,no,yes,no,no,yes,yes,yes,yes,1.0,4.0,2.0,2.0,2.0,1.0,0.0,18.0,18.0,17.0,Excellent,Higher attendance (0–4 absences),<2 hours/week,-1.0
gp,f,18.0,u,le3,a,4.0,4.0,health,other,home,mother,1.0,2.0,0,no,yes,yes,no,yes,yes,yes,yes,4.0,2.0,4.0,1.0,1.0,4.0,0.0,14.0,15.0,15.0,Good,Higher attendance (0–4 absences),2–5 hours/week,1.0
gp,m,17.0,u,le3,t,4.0,4.0,other,teacher,home,father,2.0,1.0,0,no,no,no,no,yes,yes,yes,no,4.0,1.0,1.0,2.0,2.0,5.0,0.0,12.0,13.0,13.0,Average,Higher attendance (0–4 absences),<2 hours/week,1.0
gp,f,17.0,r,gt3,t,4.0,4.0,services,services,reputation,mother,2.0,3.0,0,no,yes,no,yes,yes,yes,yes,no,5.0,3.0,4.0,1.0,1.0,5.0,0.0,7.0,7.0,8.0,Low,Higher attendance (0–4 absences),5–10 hours/week,1.0
gp,f,17.0,u,gt3,t,4.0,2.0,other,other,reputation,mother,2.0,3.0,0,no,yes,no,no,yes,yes,yes,no,4.0,3.0,3.0,1.0,1.0,3.0,0.0,16.0,16.0,16.0,Good,Higher attendance (0–4 absences),5–10 hours/week,0.0
gp,f,17.0,u,gt3,t,3.0,2.0,health,health,reputation,father,1.0,4.0,0,no,yes,no,yes,no,yes,yes,no,5.0,2.0,2.0,1.0,2.0,5.0,0.0,18.0,18.0,18.0,Excellent,Higher attendance (0–4 absences),>10 hours/week,0.0
gp,m,19.0,r,le3,t,2.0,1.0,at_home,services,course,mother,2.0,3.0,1,no,no,no,yes,yes,yes,yes,yes,4.0,3.0,1.0,1.0,1.0,5.0,0.0,9.0,10.0,11.0,Average,Higher attendance (0–4 absences),5–10 hours/week,2.0
gp,m,20.0,u,gt3,a,3.0,2.0,services,other,course,other,1.0,1.0,2,no,no,no,yes,yes,yes,no,no,5.0,5.0,3.0,1.0,1.0,5.0,0.0,14.0,15.0,15.0,Good,Higher attendance (0–4 absences),<2 hours/week,1.0
gp,m,19.0,r,gt3,t,3.0,3.0,other,services,reputation,father,1.0,2.0,0,no,no,no,yes,yes,yes,no,yes,4.0,5.0,3.0,1.0,2.0,5.0,0.0,10.0,10.0,11.0,Average,Higher attendance (0–4 absences),2–5 hours/week,1.0
gp,f,18.0,u,gt3,t,1.0,4.0,other,teacher,home,mother,1.0,2.0,0,yes,yes,no,no,no,yes,no,yes,3.0,4.0,4.0,1.0,2.0,5.0,2.0,10.0,10.0,11.0,Average,Higher attendance (0–4 absences),2–5 hours/week,1.0
gp,f,18.0,u,gt3,t,2.0,1.0,services,other,course,mother,2.0,2.0,0,no,yes,no,yes,yes,yes,yes,no,5.0,3.0,3.0,1.0,2.0,1.0,2.0,12.0,12.0,15.0,Good,Higher attendance (0–4 absences),2–5 hours/week,3.0
gp,f,17.0,u,gt3,t,2.0,3.0,other,other,course,father,2.0,2.0,0,no,no,no,yes,yes,yes,yes,yes,4.0,2.0,1.0,1.0,1.0,3.0,2.0,11.0,12.0,14.0,Good,Higher attendance (0–4 absences),2–5 hours/week,3.0
gp,f,17.0,r,gt3,t,4.0,4.0,teacher,teacher,course,mother,1.0,1.0,0,no,no,no,yes,yes,yes,yes,no,4.0,4.0,4.0,1.0,1.0,5.0,2.0,15.0,16.0,17.0,Excellent,Higher attendance (0–4 absences),<2 hours/week,2.0
gp,f,18.0,u,gt3,t,4.0,3.0,other,other,course,mother,1.0,3.0,0,no,yes,no,yes,yes,yes,yes,yes,4.0,3.0,4.0,1.0,1.0,5.0,2.0,14.0,15.0,17.0,Excellent,Higher attendance (0–4 absences),5–10 hours/week,3.0
gp,f,18.0,u,le3,t,4.0,3.0,health,services,course,mother,2.0,1.0,0,no,yes,no,no,yes,yes,yes,no,3.0,2.0,4.0,1.0,4.0,1.0,8.0,12.0,12.0,15.0,Good,Moderate (5–10),<2 hours/week,3.0
gp,f,17.0,r,gt3,t,3.0,4.0,at_home,services,course,father,1.0,3.0,0,no,yes,no,yes,no,yes,yes,no,4.0,3.0,4.0,2.0,5.0,5.0,2.0,15.0,15.0,17.0,Excellent,Higher attendance (0–4 absences),5–10 hours/week,2.0
gp,f,18.0,u,gt3,t,3.0,3.0,at_home,other,course,father,1.0,2.0,0,no,yes,no,no,yes,yes,yes,no,4.0,1.0,4.0,1.0,1.0,3.0,8.0,11.0,12.0,14.0,Good,Moderate (5–10),2–5 hours/week,3.0
gp,m,19.0,u,gt3,t,4.0,2.0,health,other,course,mother,2.0,2.0,0,no,yes,no,yes,yes,yes,yes,yes,5.0,4.0,4.0,1.0,1.0,1.0,9.0,11.0,10.0,10.0,Average,Moderate (5–10),2–5 hours/week,-1.0
gp,f,18.0,u,gt3,t,4.0,4.0,teacher,other,course,mother,1.0,2.0,0,no,yes,no,no,yes,yes,yes,no,4.0,4.0,4.0,3.0,3.0,5.0,0.0,12.0,11.0,13.0,Average,Higher attendance (0–4 absences),2–5 hours/week,1.0
gp,f,18.0,u,gt3,t,3.0,4.0,other,other,course,mother,1.0,1.0,0,no,yes,no,yes,yes,yes,yes,yes,5.0,4.0,4.0,1.0,1.0,1.0,4.0,11.0,12.0,14.0,Good,Higher attendance (0–4 absences),<2 hours/week,3.0
gp,f,17.0,u,gt3,t,4.0,4.0,health,health,course,mother,1.0,1.0,0,no,no,no,yes,yes,yes,yes,no,5.0,3.0,4.0,1.0,2.0,5.0,2.0,14.0,15.0,17.0,Excellent,Higher attendance (0–4 absences),<2 hours/week,3.0
gp,f,17.0,u,gt3,a,4.0,3.0,services,services,course,mother,1.0,2.0,0,no,yes,no,no,yes,yes,yes,yes,5.0,2.0,2.0,1.0,2.0,5.0,14.0,15.0,14.0,17.0,Excellent,Lower attendance (11+),2–5 hours/week,2.0
gp,f,17.0,u,le3,a,3.0,3.0,services,other,home,mother,1.0,2.0,0,yes,yes,no,no,yes,yes,yes,no,5.0,3.0,3.0,1.0,1.0,5.0,0.0,12.0,12.0,13.0,Average,Higher attendance (0–4 absences),2–5 hours/week,1.0
gp,f,17.0,u,le3,t,2.0,1.0,other,other,home,father,1.0,2.0,0,no,no,no,yes,yes,yes,yes,no,4.0,2.0,3.0,2.0,2.0,2.0,2.0,11.0,12.0,14.0,Good,Higher attendance (0–4 absences),2–5 hours/week,3.0
gp,m,18.0,u,le3,t,4.0,4.0,other,other,reputation,father,1.0,1.0,0,no,yes,no,no,yes,yes,yes,no,4.0,2.0,5.0,3.0,4.0,5.0,2.0,8.0,9.0,11.0,Average,Higher attendance (0–4 absences),<2 hours/week,3.0
gp,f,19.0,u,gt3,t,1.0,1.0,other,other,course,other,3.0,3.0,0,no,no,no,yes,yes,no,no,yes,1.0,5.0,5.0,4.0,3.0,5.0,12.0,10.0,10.0,11.0,Average,Lower attendance (11+),5–10 hours/week,1.0
gp,f,19.0,u,le3,a,1.0,1.0,other,other,course,other,3.0,2.0,2,no,yes,no,no,no,yes,yes,yes,5.0,3.0,4.0,1.0,1.0,4.0,2.0,8.0,8.0,9.0,Low,Higher attendance (0–4 absences),2–5 hours/week,1.0
gp,f,18.0,u,gt3,t,2.0,2.0,other,other,course,mother,1.0,1.0,0,no,yes,no,yes,yes,yes,yes,yes,4.0,3.0,5.0,2.0,4.0,5.0,2.0,10.0,10.0,10.0,Average,Higher attendance (0–4 absences),<2 hours/week,0.0
gp,f,17.0,u,gt3,t,2.0,2.0,other,other,course,mother,1.0,2.0,0,no,yes,no,no,yes,yes,no,yes,4.0,2.0,2.0,1.0,1.0,3.0,4.0,14.0,13.0,13.0,Average,Higher attendance (0–4 absences),2–5 hours/week,-1.0
gp,f,17.0,r,le3,t,2.0,2.0,services,services,course,mother,1.0,3.0,0,no,yes,no,yes,yes,yes,yes,no,3.0,3.0,2.0,2.0,2.0,3.0,0.0,11.0,11.0,10.0,Average,Higher attendance (0–4 absences),5–10 hours/week,-1.0
gp,f,17.0,u,gt3,t,3.0,1.0,services,services,course,father,1.0,3.0,0,no,yes,no,no,no,yes,yes,no,3.0,4.0,3.0,2.0,3.0,5.0,0.0,17.0,18.0,17.0,Excellent,Higher attendance (0–4 absences),5–10 hours/week,0.0
gp,f,17.0,u,le3,t,0.0,2.0,at_home,at_home,home,father,2.0,3.0,0,no,no,no,no,yes,yes,yes,no,3.0,3.0,3.0,2.0,3.0,2.0,0.0,14.0,14.0,15.0,Good,Higher attendance (0–4 absences),5–10 hours/week,1.0
gp,f,18.0,u,gt3,t,1.0,1.0,other,other,home,mother,2.0,3.0,0,no,no,no,yes,yes,yes,yes,no,4.0,5.0,5.0,1.0,2.0,2.0,0.0,14.0,14.0,14.0,Good,Higher attendance (0–4 absences),5–10 hours/week,0.0
gp,m,18.0,u,gt3,t,4.0,4.0,other,other,course,mother,1.0,3.0,0,no,no,no,yes,yes,yes,yes,no,4.0,3.0,3.0,2.0,2.0,3.0,0.0,13.0,14.0,13.0,Average,Higher attendance (0–4 absences),5–10 hours/week,0.0
gp,m,17.0,u,gt3,t,3.0,3.0,other,services,reputation,mother,1.0,1.0,0,no,no,no,yes,no,yes,yes,no,4.0,3.0,5.0,3.0,5.0,5.0,0.0,17.0,18.0,17.0,Excellent,Higher attendance (0–4 absences),<2 hours/week,0.0
gp,m,17.0,r,gt3,t,2.0,2.0,services,other,course,mother,4.0,1.0,0,no,yes,no,no,yes,yes,yes,no,4.0,4.0,5.0,5.0,5.0,4.0,2.0,11.0,10.0,10.0,Average,Higher attendance (0–4 absences),<2 hours/week,-1.0
gp,f,17.0,u,gt3,t,4.0,4.0,teacher,services,course,mother,1.0,3.0,0,no,yes,no,yes,yes,yes,yes,no,5.0,4.0,4.0,1.0,3.0,4.0,0.0,13.0,12.0,13.0,Average,Higher attendance (0–4 absences),5–10 hours/week,0.0
gp,f,17.0,u,gt3,t,4.0,4.0,teacher,teacher,course,mother,2.0,3.0,0,no,yes,no,no,no,yes,yes,yes,4.0,3.0,3.0,1.0,2.0,4.0,4.0,15.0,14.0,15.0,Good,Higher attendance (0–4 absences),5–10 hours/week,0.0
gp,f,17.0,u,gt3,t,3.0,3.0,at_home,other,course,mother,1.0,1.0,0,no,yes,yes,yes,yes,yes,yes,no,4.0,2.0,5.0,2.0,5.0,5.0,2.0,11.0,12.0,11.0,Average,Higher attendance (0–4 absences),<2 hours/week,0.0
gp,m,18.0,u,le3,t,2.0,2.0,other,other,course,mother,1.0,4.0,0,no,yes,yes,yes,yes,yes,yes,no,4.0,5.0,5.0,2.0,4.0,5.0,0.0,11.0,11.0,12.0,Average,Higher attendance (0–4 absences),>10 hours/week,1.0
gp,m,19.0,r,gt3,t,3.0,2.0,at_home,services,home,other,1.0,1.0,0,no,yes,no,no,no,yes,no,yes,5.0,3.0,4.0,2.0,2.0,5.0,0.0,11.0,10.0,10.0,Average,Higher attendance (0–4 absences),<2 hours/week,-1.0
gp,f,18.0,u,gt3,t,2.0,2.0,at_home,other,course,mother,4.0,2.0,0,no,no,no,yes,yes,yes,no,yes,4.0,2.0,5.0,1.0,1.0,2.0,2.0,10.0,9.0,10.0,Average,Higher attendance (0–4 absences),2–5 hours/week,0.0
gp,f,17.0,r,gt3,t,2.0,4.0,at_home,other,course,father,1.0,3.0,0,no,yes,no,no,yes,yes,yes,yes,4.0,4.0,3.0,1.0,1.0,5.0,0.0,15.0,15.0,15.0,Good,Higher attendance (0–4 absences),5–10 hours/week,0.0
gp,m,18.0,u,gt3,t,2.0,2.0,other,other,reputation,mother,1.0,1.0,0,no,no,no,no,no,yes,yes,no,5.0,4.0,2.0,1.0,2.0,5.0,6.0,15.0,14.0,15.0,Good,Moderate (5–10),<2 hours/week,0.0
gp,f,18.0,u,gt3,t,3.0,3.0,services,services,home,mother,1.0,2.0,0,no,no,no,yes,yes,yes,yes,no,5.0,3.0,4.0,1.0,1.0,4.0,8.0,10.0,11.0,12.0,Average,Moderate (5–10),2–5 hours/week,2.0
gp,f,18.0,u,le3,t,2.0,2.0,other,other,home,other,1.0,2.0,0,no,no,no,yes,no,yes,yes,yes,4.0,3.0,3.0,1.0,1.0,2.0,0.0,10.0,9.0,12.0,Average,Higher attendance (0–4 absences),2–5 hours/week,2.0
gp,f,18.0,r,gt3,t,2.0,2.0,at_home,other,course,mother,2.0,4.0,0,no,no,no,yes,yes,yes,no,no,4.0,4.0,4.0,1.0,1.0,4.0,6.0,14.0,13.0,14.0,Good,Moderate (5–10),>10 hours/week,0.0
gp,f,17.0,u,gt3,t,3.0,4.0,services,other,course,mother,1.0,3.0,0,no,no,no,no,yes,yes,yes,no,4.0,4.0,5.0,1.0,3.0,5.0,8.0,11.0,13.0,14.0,Good,Moderate (5–10),5–10 hours/week,3.0
gp,f,17.0,u,gt3,t,3.0,2.0,other,other,home,mother,1.0,2.0,0,no,yes,no,no,yes,yes,yes,yes,4.0,3.0,2.0,2.0,3.0,2.0,0.0,12.0,13.0,15.0,Good,Higher attendance (0–4 absences),2–5 hours/week,3.0
gp,f,18.0,u,le3,t,3.0,3.0,services,services,home,mother,1.0,4.0,0,no,yes,no,no,yes,yes,yes,no,5.0,3.0,3.0,1.0,1.0,1.0,4.0,14.0,14.0,15.0,Good,Higher attendance (0–4 absences),>10 hours/week,1.0
gp,f,17.0,r,gt3,a,3.0,2.0,other,other,home,mother,1.0,2.0,0,no,yes,no,no,yes,yes,yes,no,4.0,3.0,3.0,2.0,3.0,2.0,0.0,14.0,14.0,16.0,Good,Higher attendance (0–4 absences),2–5 hours/week,2.0
gp,m,18.0,u,gt3,t,4.0,4.0,teacher,services,home,father,1.0,2.0,0,no,yes,no,yes,yes,yes,yes,no,4.0,3.0,3.0,2.0,2.0,2.0,0.0,12.0,12.0,13.0,Average,Higher attendance (0–4 absences),2–5 hours/week,1.0
gp,m,18.0,u,le3,t,3.0,4.0,services,other,home,mother,1.0,2.0,0,no,no,no,yes,yes,yes,yes,yes,4.0,3.0,3.0,1.0,3.0,5.0,6.0,16.0,16.0,17.0,Excellent,Moderate (5–10),2–5 hours/week,1.0
gp,f,17.0,u,gt3,a,2.0,2.0,at_home,at_home,home,father,1.0,2.0,0,no,yes,no,no,yes,yes,yes,yes,3.0,3.0,1.0,1.0,2.0,4.0,18.0,10.0,12.0,14.0,Good,Lower attendance (11+),2–5 hours/week,4.0
gp,f,18.0,u,gt3,t,2.0,3.0,at_home,other,course,mother,1.0,3.0,0,no,yes,no,no,yes,yes,yes,no,4.0,3.0,3.0,1.0,2.0,3.0,0.0,11.0,12.0,14.0,Good,Higher attendance (0–4 absences),5–10 hours/week,3.0
gp,f,18.0,u,gt3,t,3.0,2.0,other,services,other,mother,1.0,3.0,0,no,no,no,no,yes,yes,yes,yes,5.0,4.0,3.0,2.0,3.0,1.0,4.0,14.0,16.0,17.0,Excellent,Higher attendance (0–4 absences),5–10 hours/week,3.0
gp,m,18.0,r,gt3,t,4.0,3.0,teacher,services,course,mother,1.0,3.0,0,no,no,no,no,yes,yes,yes,yes,5.0,3.0,2.0,1.0,2.0,4.0,4.0,15.0,14.0,17.0,Excellent,Higher attendance (0–4 absences),5–10 hours/week,2.0
gp,m,18.0,u,gt3,t,4.0,3.0,teacher,other,course,mother,1.0,3.0,0,no,yes,no,no,yes,yes,yes,yes,5.0,4.0,5.0,2.0,3.0,5.0,0.0,14.0,13.0,14.0,Good,Higher attendance (0–4 absences),5–10 hours/week,0.0
gp,f,17.0,u,gt3,t,4.0,3.0,health,other,reputation,mother,1.0,3.0,0,no,yes,no,yes,yes,yes,yes,yes,4.0,4.0,3.0,1.0,3.0,4.0,0.0,11.0,12.0,13.0,Average,Higher attendance (0–4 absences),5–10 hours/week,2.0
gp,f,17.0,u,gt3,t,2.0,1.0,services,other,course,mother,2.0,2.0,0,no,yes,no,yes,yes,yes,yes,yes,4.0,3.0,4.0,2.0,2.0,1.0,10.0,12.0,15.0,15.0,Good,Moderate (5–10),2–5 hours/week,3.0
gp,f,17.0,u,gt3,t,2.0,1.0,services,other,reputation,mother,1.0,2.0,0,no,yes,no,yes,yes,yes,yes,no,4.0,3.0,5.0,2.0,4.0,4.0,4.0,12.0,16.0,16.0,Good,Higher attendance (0–4 absences),2–5 hours/week,4.0
gp,f,19.0,u,le3,a,2.0,3.0,at_home,other,home,other,2.0,1.0,1,no,no,no,no,yes,no,yes,no,2.0,2.0,3.0,3.0,4.0,5.0,16.0,10.0,11.0,11.0,Average,Lower attendance (11+),<2 hours/week,1.0
gp,f,17.0,u,gt3,t,3.0,1.0,other,at_home,home,mother,1.0,1.0,1,no,yes,yes,no,yes,yes,yes,yes,4.0,1.0,2.0,1.0,1.0,3.0,6.0,10.0,13.0,13.0,Average,Moderate (5–10),<2 hours/week,3.0
gp,f,21.0,u,le3,t,4.0,4.0,other,other,reputation,other,1.0,3.0,2,no,no,yes,yes,yes,yes,yes,no,3.0,3.0,2.0,1.0,1.0,5.0,0.0,9.0,12.0,12.0,Average,Higher attendance (0–4 absences),5–10 hours/week,3.0
gp,m,18.0,u,le3,t,2.0,2.0,services,services,reputation,mother,1.0,2.0,0,no,yes,no,yes,no,no,yes,no,4.0,4.0,4.0,1.0,3.0,3.0,11.0,9.0,11.0,12.0,Average,Lower attendance (11+),2–5 hours/week,3.0
gp,m,18.0,u,le3,a,3.0,4.0,other,other,reputation,other,1.0,2.0,0,no,no,no,yes,yes,yes,yes,yes,4.0,3.0,5.0,1.0,4.0,2.0,9.0,13.0,14.0,15.0,Good,Moderate (5–10),2–5 hours/week,2.0
gp,f,17.0,u,gt3,t,2.0,2.0,services,services,reputation,mother,1.0,2.0,0,no,yes,no,yes,yes,yes,yes,no,4.0,3.0,4.0,1.0,3.0,4.0,0.0,13.0,17.0,17.0,Excellent,Higher attendance (0–4 absences),2–5 hours/week,4.0
gp,m,17.0,u,le3,a,4.0,4.0,health,other,reputation,mother,1.0,3.0,0,no,yes,no,no,yes,yes,yes,no,4.0,4.0,2.0,1.0,2.0,4.0,2.0,12.0,15.0,15.0,Good,Higher attendance (0–4 absences),5–10 hours/week,3.0
gp,f,18.0,u,le3,t,4.0,2.0,teacher,other,course,mother,1.0,2.0,0,no,yes,no,yes,yes,yes,yes,no,4.0,2.0,2.0,1.0,1.0,3.0,0.0,14.0,17.0,17.0,Excellent,Higher attendance (0–4 absences),2–5 hours/week,3.0
gp,m,21.0,r,le3,t,1.0,1.0,at_home,other,course,other,2.0,2.0,2,no,yes,no,yes,yes,no,yes,yes,5.0,3.0,3.0,5.0,2.0,4.0,21.0,9.0,10.0,10.0,Average,Lower attendance (11+),2–5 hours/week,1.0
gp,f,20.0,r,gt3,t,1.0,1.0,other,other,reputation,other,2.0,3.0,0,no,no,no,no,yes,yes,yes,yes,3.0,2.0,2.0,1.0,3.0,3.0,8.0,11.0,15.0,15.0,Good,Moderate (5–10),5–10 hours/week,4.0
gp,f,19.0,u,gt3,t,4.0,4.0,teacher,other,home,other,1.0,1.0,1,no,yes,no,no,yes,yes,yes,yes,3.0,2.0,5.0,4.0,4.0,5.0,5.0,9.0,10.0,11.0,Average,Moderate (5–10),<2 hours/week,2.0
gp,m,17.0,u,le3,a,3.0,2.0,other,other,reputation,mother,1.0,2.0,0,no,yes,no,no,yes,yes,yes,no,4.0,4.0,4.0,1.0,2.0,5.0,10.0,16.0,18.0,18.0,Excellent,Moderate (5–10),2–5 hours/week,2.0
gp,f,18.0,u,gt3,t,3.0,2.0,at_home,other,reputation,father,1.0,3.0,0,no,yes,no,no,yes,yes,yes,yes,4.0,3.0,4.0,1.0,2.0,2.0,5.0,14.0,17.0,17.0,Excellent,Moderate (5–10),5–10 hours/week,3.0
gp,m,18.0,r,gt3,t,2.0,3.0,other,services,reputation,father,1.0,1.0,0,no,no,no,no,yes,yes,yes,no,3.0,1.0,3.0,4.0,5.0,4.0,13.0,13.0,14.0,14.0,Good,Lower attendance (11+),<2 hours/week,1.0
gp,m,19.0,u,gt3,t,2.0,1.0,other,other,reputation,mother,1.0,1.0,0,no,no,no,no,yes,yes,yes,no,5.0,3.0,4.0,1.0,4.0,4.0,10.0,7.0,11.0,11.0,Average,Moderate (5–10),<2 hours/week,4.0
gp,f,18.0,u,le3,a,2.0,2.0,services,other,reputation,mother,2.0,2.0,0,no,yes,no,no,yes,yes,yes,no,4.0,1.0,4.0,1.0,3.0,4.0,10.0,14.0,17.0,17.0,Excellent,Moderate (5–10),2–5 hours/week,3.0
gp,f,20.0,u,gt3,t,1.0,0.0,other,other,reputation,mother,2.0,1.0,1,yes,no,no,no,yes,yes,yes,yes,5.0,3.0,1.0,1.0,1.0,5.0,5.0,8.0,10.0,10.0,Average,Moderate (5–10),<2 hours/week,2.0
gp,f,18.0,u,gt3,t,3.0,2.0,services,other,home,mother,1.0,2.0,0,no,yes,no,yes,no,yes,yes,yes,3.0,1.0,2.0,1.0,2.0,1.0,4.0,10.0,13.0,13.0,Average,Higher attendance (0–4 absences),2–5 hours/week,3.0
ms,f,16.0,u,gt3,t,1.0,3.0,at_home,other,other,father,2.0,1.0,0,no,yes,no,no,yes,no,yes,yes,4.0,3.0,3.0,1.0,3.0,5.0,11.0,10.0,11.0,11.0,Average,Lower attendance (11+),<2 hours/week,1.0
ms,f,16.0,r,gt3,t,2.0,2.0,other,other,course,mother,2.0,2.0,0,no,yes,no,yes,yes,yes,yes,no,4.0,4.0,4.0,1.0,1.0,5.0,0.0,12.0,12.0,12.0,Average,Higher attendance (0–4 absences),2–5 hours/week,0.0
ms,f,15.0,r,gt3,t,1.0,1.0,at_home,services,other,mother,1.0,1.0,1,no,yes,no,no,yes,yes,no,yes,4.0,1.0,3.0,1.0,1.0,2.0,6.0,10.0,10.0,10.0,Average,Moderate (5–10),<2 hours/week,0.0
ms,f,15.0,r,gt3,t,3.0,3.0,at_home,other,course,mother,2.0,1.0,0,no,yes,no,no,yes,yes,yes,no,5.0,4.0,4.0,2.0,3.0,5.0,4.0,10.0,10.0,11.0,Average,Higher attendance (0–4 absences),<2 hours/week,1.0
ms,f,16.0,r,gt3,t,2.0,3.0,at_home,services,course,mother,2.0,2.0,0,no,no,no,no,yes,yes,no,no,4.0,5.0,2.0,1.0,2.0,5.0,0.0,16.0,17.0,17.0,Excellent,Higher attendance (0–4 absences),2–5 hours/week,1.0
ms,f,15.0,r,le3,t,2.0,1.0,at_home,other,home,mother,2.0,1.0,0,no,no,no,no,yes,no,no,no,1.0,3.0,4.0,1.0,1.0,1.0,0.0,6.0,8.0,9.0,Low,Higher attendance (0–4 absences),<2 hours/week,3.0
ms,m,16.0,r,le3,a,4.0,4.0,at_home,other,home,mother,1.0,2.0,0,no,yes,no,no,yes,yes,no,no,5.0,3.0,2.0,1.0,3.0,2.0,5.0,10.0,11.0,11.0,Average,Moderate (5–10),2–5 hours/week,1.0
ms,m,16.0,u,gt3,a,1.0,2.0,other,other,other,mother,1.0,3.0,0,yes,no,no,no,yes,yes,yes,no,4.0,4.0,3.0,1.0,1.0,5.0,0.0,10.0,11.0,11.0,Average,Higher attendance (0–4 absences),5–10 hours/week,1.0
ms,f,17.0,r,gt3,t,3.0,2.0,at_home,other,course,father,1.0,2.0,1,no,no,no,no,yes,yes,no,yes,4.0,5.0,4.0,1.0,2.0,5.0,0.0,10.0,10.0,10.0,Average,Higher attendance (0–4 absences),2–5 hours/week,0.0
ms,f,17.0,r,gt3,t,1.0,1.0,other,other,other,father,1.0,1.0,1,no,yes,no,no,no,no,yes,no,5.0,4.0,4.0,2.0,2.0,5.0,0.0,6.0,6.0,7.0,Low,Higher attendance (0–4 absences),<2 hours/week,1.0
ms,f,15.0,r,gt3,t,4.0,4.0,teacher,other,course,mother,2.0,1.0,0,no,no,no,no,yes,yes,yes,yes,1.0,5.0,1.0,3.0,5.0,5.0,0.0,13.0,14.0,14.0,Good,Higher attendance (0–4 absences),<2 hours/week,1.0
ms,f,16.0,u,le3,a,2.0,2.0,at_home,other,reputation,mother,2.0,4.0,0,no,no,no,yes,no,no,no,yes,1.0,2.0,1.0,1.0,1.0,1.0,4.0,10.0,9.0,11.0,Average,Higher attendance (0–4 absences),>10 hours/week,1.0
ms,f,15.0,r,le3,t,1.0,1.0,at_home,services,reputation,father,2.0,2.0,0,no,yes,no,no,yes,yes,yes,no,5.0,4.0,3.0,1.0,2.0,4.0,0.0,10.0,10.0,10.0,Average,Higher attendance (0–4 absences),2–5 hours/week,0.0
ms,f,15.0,r,le3,t,1.0,1.0,other,services,course,mother,2.0,1.0,1,no,yes,no,no,yes,yes,yes,yes,4.0,4.0,3.0,1.0,2.0,2.0,4.0,6.0,7.0,8.0,Low,Higher attendance (0–4 absences),<2 hours/week,2.0
ms,f,16.0,r,gt3,t,0.0,2.0,other,other,other,mother,2.0,1.0,0,no,yes,no,yes,yes,yes,no,no,3.0,2.0,3.0,1.0,2.0,2.0,0.0,12.0,11.0,12.0,Average,Higher attendance (0–4 absences),<2 hours/week,0.0
ms,f,17.0,r,gt3,t,2.0,3.0,other,other,course,mother,2.0,1.0,0,no,yes,no,no,yes,yes,yes,no,5.0,5.0,5.0,1.0,3.0,3.0,2.0,10.0,11.0,12.0,Average,Higher attendance (0–4 absences),<2 hours/week,2.0
ms,f,15.0,r,gt3,t,3.0,3.0,other,services,course,father,2.0,1.0,0,no,no,no,no,no,yes,yes,no,4.0,1.0,3.0,1.0,1.0,4.0,0.0,14.0,16.0,16.0,Good,Higher attendance (0–4 absences),<2 hours/week,2.0
ms,m,16.0,u,gt3,t,1.0,1.0,at_home,services,home,mother,2.0,2.0,0,no,yes,no,yes,yes,yes,no,yes,5.0,4.0,5.0,4.0,5.0,3.0,0.0,7.0,0.0,0.0,Low,Higher attendance (0–4 absences),2–5 hours/week,-7.0
ms,m,17.0,u,gt3,t,1.0,1.0,other,other,home,mother,1.0,2.0,0,no,no,yes,no,no,yes,yes,no,4.0,4.0,3.0,2.0,4.0,5.0,4.0,8.0,9.0,9.0,Low,Higher attendance (0–4 absences),2–5 hours/week,1.0
ms,m,15.0,r,le3,t,4.0,1.0,health,services,reputation,father,1.0,2.0,0,no,yes,no,yes,yes,yes,yes,no,5.0,3.0,4.0,1.0,2.0,2.0,0.0,12.0,13.0,14.0,Good,Higher attendance (0–4 absences),2–5 hours/week,2.0
ms,m,15.0,r,le3,t,4.0,1.0,health,services,reputation,father,1.0,2.0,0,no,yes,no,yes,yes,yes,yes,no,5.0,3.0,4.0,1.0,2.0,2.0,7.0,7.0,9.0,8.0,Low,Moderate (5–10),2–5 hours/week,1.0
ms,m,16.0,r,gt3,t,3.0,4.0,other,health,other,mother,3.0,2.0,0,no,no,no,no,no,yes,no,no,3.0,4.0,5.0,1.0,2.0,5.0,4.0,9.0,10.0,11.0,Average,Higher attendance (0–4 absences),2–5 hours/week,2.0
ms,m,15.0,r,gt3,t,1.0,1.0,other,other,course,mother,4.0,2.0,0,no,yes,no,yes,yes,yes,no,yes,5.0,4.0,5.0,2.0,4.0,4.0,8.0,7.0,9.0,9.0,Low,Moderate (5–10),2–5 hours/week,2.0
ms,m,15.0,u,le3,t,3.0,3.0,at_home,at_home,reputation,father,1.0,2.0,0,no,yes,no,yes,yes,yes,yes,no,5.0,3.0,3.0,1.0,1.0,5.0,0.0,11.0,11.0,11.0,Average,Higher attendance (0–4 absences),2–5 hours/week,0.0
ms,m,17.0,r,gt3,t,2.0,1.0,other,other,other,mother,3.0,1.0,0,no,no,no,yes,yes,no,no,yes,5.0,5.0,5.0,5.0,5.0,3.0,8.0,8.0,10.0,9.0,Low,Moderate (5–10),<2 hours/week,1.0
ms,f,16.0,r,gt3,t,4.0,4.0,teacher,teacher,course,mother,2.0,3.0,0,no,no,no,yes,yes,yes,yes,yes,4.0,2.0,2.0,1.0,1.0,4.0,6.0,16.0,16.0,17.0,Excellent,Moderate (5–10),5–10 hours/week,1.0
ms,f,15.0,r,gt3,t,1.0,2.0,other,services,course,mother,2.0,1.0,0,no,no,no,no,yes,yes,no,no,5.0,1.0,2.0,1.0,1.0,1.0,3.0,11.0,13.0,13.0,Average,Higher attendance (0–4 absences),<2 hours/week,2.0
ms,f,16.0,r,gt3,t,2.0,3.0,other,services,course,mother,3.0,2.0,0,no,yes,no,no,yes,yes,yes,no,4.0,5.0,4.0,1.0,2.0,1.0,2.0,15.0,15.0,15.0,Good,Higher attendance (0–4 absences),2–5 hours/week,0.0
ms,m,16.0,r,gt3,t,1.0,2.0,other,other,course,father,2.0,2.0,0,no,no,no,no,yes,yes,no,no,4.0,3.0,3.0,1.0,1.0,5.0,0.0,10.0,11.0,11.0,Average,Higher attendance (0–4 absences),2–5 hours/week,1.0
ms,f,16.0,r,gt3,t,2.0,2.0,other,other,course,mother,3.0,2.0,0,no,yes,no,no,yes,yes,yes,no,4.0,4.0,5.0,1.0,1.0,4.0,4.0,9.0,10.0,11.0,Average,Higher attendance (0–4 absences),2–5 hours/week,2.0
ms,f,16.0,u,gt3,t,1.0,2.0,other,services,course,mother,1.0,3.0,1,no,yes,no,no,yes,yes,no,no,1.0,3.0,2.0,1.0,2.0,4.0,0.0,10.0,8.0,8.0,Low,Higher attendance (0–4 absences),5–10 hours/week,-2.0
ms,f,16.0,u,gt3,t,1.0,2.0,other,services,course,mother,1.0,3.0,1,no,yes,no,no,yes,yes,no,no,1.0,3.0,2.0,1.0,2.0,4.0,3.0,9.0,8.0,8.0,Low,Higher attendance (0–4 absences),5–10 hours/week,-1.0
ms,f,15.0,u,gt3,t,2.0,1.0,at_home,other,home,mother,1.0,2.0,0,yes,yes,no,no,no,yes,yes,no,4.0,4.0,2.0,3.0,3.0,2.0,0.0,9.0,10.0,9.0,Low,Higher attendance (0–4 absences),2–5 hours/week,0.0
ms,f,16.0,u,gt3,t,1.0,1.0,at_home,other,course,father,1.0,2.0,0,no,yes,no,no,no,yes,no,yes,5.0,4.0,3.0,2.0,1.0,2.0,0.0,13.0,14.0,15.0,Good,Higher attendance (0–4 absences),2–5 hours/week,2.0
ms,m,17.0,r,le3,t,1.0,2.0,at_home,services,reputation,mother,1.0,1.0,0,no,yes,no,yes,yes,yes,yes,no,5.0,5.0,5.0,5.0,5.0,3.0,4.0,10.0,11.0,11.0,Average,Higher attendance (0–4 absences),<2 hours/week,1.0
ms,f,16.0,r,gt3,t,1.0,1.0,other,other,home,father,4.0,4.0,0,no,yes,no,no,no,yes,yes,no,4.0,3.0,2.0,1.0,1.0,1.0,0.0,13.0,10.0,13.0,Average,Higher attendance (0–4 absences),>10 hours/week,0.0
ms,f,16.0,r,gt3,t,1.0,1.0,at_home,other,other,father,4.0,3.0,0,yes,yes,no,no,yes,yes,no,no,4.0,4.0,3.0,1.0,1.0,5.0,2.0,10.0,9.0,10.0,Average,Higher attendance (0–4 absences),5–10 hours/week,0.0
ms,f,15.0,r,gt3,t,1.0,1.0,at_home,other,home,father,2.0,2.0,0,no,yes,no,yes,yes,yes,yes,no,4.0,3.0,3.0,1.0,1.0,2.0,1.0,11.0,10.0,11.0,Average,Higher attendance (0–4 absences),2–5 hours/week,0.0
ms,f,16.0,r,gt3,t,1.0,1.0,at_home,other,other,mother,2.0,1.0,0,no,no,no,yes,yes,yes,yes,yes,4.0,2.0,2.0,4.0,3.0,2.0,0.0,13.0,12.0,14.0,Good,Higher attendance (0–4 absences),<2 hours/week,1.0
ms,f,15.0,r,gt3,t,1.0,1.0,at_home,at_home,course,father,3.0,2.0,0,no,yes,no,no,yes,yes,no,no,4.0,2.0,1.0,1.0,2.0,2.0,0.0,13.0,14.0,14.0,Good,Higher attendance (0–4 absences),2–5 hours/week,1.0
ms,f,15.0,r,le3,t,2.0,2.0,other,other,other,father,1.0,3.0,0,yes,yes,no,no,yes,yes,no,no,4.0,4.0,3.0,2.0,2.0,5.0,2.0,14.0,11.0,12.0,Average,Higher attendance (0–4 absences),5–10 hours/week,-2.0
ms,m,16.0,r,gt3,t,1.0,1.0,at_home,other,other,father,2.0,1.0,0,no,no,no,yes,yes,yes,no,no,3.0,4.0,4.0,3.0,4.0,5.0,6.0,11.0,11.0,11.0,Average,Moderate (5–10),<2 hours/week,0.0
ms,f,18.0,u,gt3,t,1.0,2.0,other,other,course,father,1.0,2.0,1,no,yes,no,yes,yes,yes,yes,yes,3.0,4.0,4.0,2.0,3.0,5.0,9.0,9.0,8.0,8.0,Low,Moderate (5–10),2–5 hours/week,-1.0
ms,m,15.0,u,gt3,t,3.0,1.0,other,services,home,mother,2.0,1.0,0,no,yes,no,no,yes,yes,no,no,3.0,2.0,3.0,1.0,3.0,4.0,0.0,10.0,9.0,11.0,Average,Higher attendance (0–4 absences),<2 hours/week,1.0
ms,f,16.0,r,gt3,t,2.0,2.0,other,services,course,father,3.0,2.0,0,no,yes,no,yes,yes,yes,yes,no,5.0,3.0,4.0,1.0,1.0,2.0,1.0,14.0,13.0,14.0,Good,Higher attendance (0–4 absences),2–5 hours/week,0.0
ms,m,15.0,u,gt3,t,2.0,2.0,health,other,reputation,mother,3.0,1.0,0,no,no,no,no,yes,yes,no,no,4.0,3.0,3.0,1.0,2.0,4.0,1.0,13.0,12.0,13.0,Average,Higher attendance (0–4 absences),<2 hours/week,0.0
ms,m,16.0,u,gt3,t,4.0,4.0,other,teacher,course,father,1.0,2.0,0,no,yes,no,yes,yes,yes,no,yes,4.0,3.0,1.0,1.0,1.0,3.0,0.0,13.0,12.0,13.0,Average,Higher attendance (0–4 absences),2–5 hours/week,0.0
ms,f,15.0,r,gt3,t,3.0,3.0,services,other,reputation,mother,1.0,2.0,0,no,yes,no,no,yes,yes,yes,yes,4.0,5.0,4.0,1.0,1.0,1.0,4.0,13.0,12.0,12.0,Average,Higher attendance (0–4 absences),2–5 hours/week,-1.0
ms,f,16.0,r,gt3,t,2.0,2.0,at_home,other,course,mother,2.0,2.0,1,no,yes,no,yes,no,yes,no,no,4.0,4.0,4.0,2.0,3.0,5.0,2.0,12.0,11.0,12.0,Average,Higher attendance (0–4 absences),2–5 hours/week,0.0
ms,f,16.0,r,le3,t,2.0,2.0,other,other,home,father,3.0,1.0,0,no,yes,no,yes,yes,yes,no,yes,4.0,3.0,2.0,1.0,1.0,4.0,0.0,14.0,14.0,16.0,Good,Higher attendance (0–4 absences),<2 hours/week,2.0
ms,m,16.0,u,le3,t,2.0,1.0,at_home,services,course,mother,2.0,1.0,0,no,yes,no,yes,yes,yes,yes,no,2.0,4.0,3.0,2.0,3.0,4.0,4.0,10.0,8.0,10.0,Average,Higher attendance (0–4 absences),<2 hours/week,0.0
ms,m,15.0,r,le3,t,1.0,3.0,at_home,other,reputation,father,3.0,1.0,0,no,yes,no,yes,yes,yes,yes,no,4.0,2.0,4.0,3.0,5.0,3.0,2.0,10.0,11.0,11.0,Average,Higher attendance (0–4 absences),<2 hours/week,1.0
ms,f,15.0,u,gt3,t,2.0,2.0,other,services,course,mother,2.0,3.0,0,no,yes,no,yes,yes,yes,no,no,5.0,3.0,2.0,1.0,1.0,4.0,0.0,12.0,13.0,14.0,Good,Higher attendance (0–4 absences),5–10 hours/week,2.0
ms,f,16.0,r,le3,t,2.0,1.0,other,other,home,mother,1.0,1.0,0,no,yes,no,no,yes,yes,yes,yes,5.0,4.0,3.0,1.0,1.0,5.0,2.0,10.0,8.0,8.0,Low,Higher attendance (0–4 absences),<2 hours/week,-2.0
ms,m,15.0,u,gt3,t,3.0,3.0,services,services,course,father,2.0,1.0,0,no,yes,no,yes,no,yes,yes,no,4.0,3.0,3.0,2.0,4.0,3.0,11.0,12.0,10.0,11.0,Average,Lower attendance (11+),<2 hours/week,-1.0
ms,f,16.0,r,gt3,t,1.0,1.0,at_home,other,course,father,2.0,2.0,3,yes,yes,no,no,yes,yes,no,no,3.0,4.0,3.0,1.0,1.0,1.0,0.0,7.0,7.0,8.0,Low,Higher attendance (0–4 absences),2–5 hours/week,1.0
ms,f,17.0,u,gt3,t,2.0,2.0,other,at_home,course,mother,1.0,1.0,0,no,yes,no,yes,yes,no,no,no,4.0,5.0,3.0,1.0,1.0,5.0,4.0,9.0,9.0,10.0,Average,Higher attendance (0–4 absences),<2 hours/week,1.0
ms,f,19.0,u,gt3,t,2.0,3.0,at_home,services,course,other,1.0,1.0,1,no,no,no,no,yes,no,yes,yes,4.0,4.0,4.0,1.0,1.0,2.0,0.0,9.0,9.0,10.0,Average,Higher attendance (0–4 absences),<2 hours/week,1.0
ms,f,17.0,r,gt3,t,2.0,1.0,at_home,other,course,mother,3.0,1.0,0,no,yes,no,yes,yes,no,no,yes,5.0,5.0,3.0,1.0,1.0,3.0,2.0,9.0,10.0,11.0,Average,Higher attendance (0–4 absences),<2 hours/week,2.0
ms,f,15.0,r,le3,t,1.0,1.0,at_home,other,course,mother,2.0,1.0,0,no,yes,no,no,yes,no,no,yes,5.0,2.0,1.0,1.0,3.0,4.0,0.0,9.0,10.0,9.0,Low,Higher attendance (0–4 absences),<2 hours/week,0.0
ms,f,16.0,r,gt3,t,2.0,2.0,other,other,course,father,3.0,2.0,0,no,yes,no,no,yes,no,yes,no,3.0,4.0,5.0,1.0,2.0,1.0,1.0,9.0,10.0,11.0,Average,Higher attendance (0–4 absences),2–5 hours/week,2.0
ms,f,16.0,u,le3,a,2.0,2.0,other,other,home,mother,1.0,1.0,0,no,yes,no,no,yes,no,no,no,4.0,3.0,4.0,1.0,2.0,1.0,6.0,7.0,7.0,8.0,Low,Moderate (5–10),<2 hours/week,1.0
ms,f,17.0,r,gt3,t,2.0,2.0,at_home,other,course,mother,2.0,2.0,0,no,yes,no,no,yes,yes,yes,no,4.0,3.0,5.0,1.0,2.0,4.0,0.0,11.0,10.0,11.0,Average,Higher attendance (0–4 absences),2–5 hours/week,0.0
ms,f,16.0,u,gt3,t,2.0,2.0,other,services,course,father,1.0,1.0,1,no,yes,yes,yes,no,yes,yes,no,4.0,4.0,3.0,1.0,4.0,3.0,1.0,9.0,10.0,10.0,Average,Higher attendance (0–4 absences),<2 hours/week,1.0
ms,f,18.0,r,le3,a,3.0,2.0,other,other,course,other,2.0,3.0,2,no,yes,no,no,no,no,no,yes,3.0,3.0,2.0,1.0,1.0,2.0,6.0,7.0,9.0,10.0,Average,Moderate (5–10),5–10 hours/week,3.0
ms,f,19.0,u,gt3,t,1.0,1.0,at_home,services,course,mother,1.0,3.0,1,no,no,no,yes,yes,no,no,yes,5.0,3.0,1.0,1.0,1.0,3.0,6.0,7.0,9.0,9.0,Low,Moderate (5–10),5–10 hours/week,2.0
ms,m,18.0,r,gt3,t,1.0,1.0,other,other,home,mother,2.0,1.0,1,no,no,no,yes,yes,no,yes,no,4.0,4.0,3.0,3.0,4.0,4.0,0.0,8.0,9.0,10.0,Average,Higher attendance (0–4 absences),<2 hours/week,2.0
ms,f,18.0,r,gt3,t,1.0,1.0,at_home,at_home,course,mother,2.0,1.0,1,no,no,no,no,no,no,yes,yes,3.0,2.0,3.0,1.0,1.0,2.0,4.0,9.0,11.0,10.0,Average,Higher attendance (0–4 absences),<2 hours/week,1.0
ms,f,19.0,u,gt3,t,1.0,1.0,other,other,course,other,2.0,2.0,1,no,yes,no,no,yes,yes,yes,yes,1.0,1.0,4.0,4.0,1.0,1.0,12.0,7.0,8.0,9.0,Low,Lower attendance (11+),2–5 hours/week,2.0
ms,f,16.0,r,gt3,a,2.0,2.0,health,other,course,mother,1.0,2.0,0,no,no,no,no,no,yes,no,yes,3.0,3.0,2.0,1.0,1.0,3.0,2.0,8.0,10.0,10.0,Average,Higher attendance (0–4 absences),2–5 hours/week,2.0
ms,f,17.0,u,gt3,t,0.0,1.0,other,at_home,course,father,2.0,1.0,0,no,no,no,yes,no,yes,no,no,2.0,4.0,4.0,3.0,5.0,5.0,5.0,9.0,9.0,10.0,Average,Moderate (5–10),<2 hours/week,1.0
ms,f,16.0,r,le3,t,1.0,2.0,at_home,other,course,mother,1.0,2.0,0,no,no,no,yes,yes,no,yes,no,4.0,4.0,5.0,1.0,3.0,3.0,0.0,8.0,9.0,9.0,Low,Higher attendance (0–4 absences),2–5 hours/week,1.0
ms,f,16.0,u,gt3,t,3.0,3.0,other,other,reputation,mother,1.0,1.0,0,no,no,no,yes,yes,no,yes,yes,4.0,5.0,4.0,1.0,1.0,4.0,0.0,14.0,13.0,13.0,Average,Higher attendance (0–4 absences),<2 hours/week,-1.0
ms,f,16.0,r,le3,t,1.0,1.0,services,services,home,mother,1.0,1.0,0,no,yes,no,yes,yes,yes,yes,yes,4.0,4.0,4.0,2.0,2.0,4.0,2.0,14.0,14.0,14.0,Good,Higher attendance (0–4 absences),<2 hours/week,0.0
ms,m,17.0,u,gt3,t,3.0,3.0,services,at_home,course,mother,2.0,4.0,1,no,yes,yes,yes,yes,yes,no,no,5.0,4.0,5.0,3.0,4.0,5.0,0.0,10.0,11.0,10.0,Average,Higher attendance (0–4 absences),>10 hours/week,0.0
ms,f,16.0,u,gt3,t,2.0,1.0,other,services,course,mother,1.0,2.0,0,no,yes,no,yes,yes,yes,yes,no,5.0,3.0,3.0,1.0,1.0,1.0,0.0,14.0,13.0,14.0,Good,Higher attendance (0–4 absences),2–5 hours/week,0.0
ms,f,16.0,u,gt3,t,2.0,2.0,services,other,course,mother,1.0,1.0,0,no,yes,yes,yes,yes,yes,no,yes,4.0,2.0,5.0,1.0,2.0,5.0,0.0,17.0,16.0,16.0,Good,Higher attendance (0–4 absences),<2 hours/week,-1.0
ms,m,17.0,u,gt3,t,1.0,2.0,other,other,course,father,1.0,1.0,1,no,yes,no,yes,yes,no,yes,yes,5.0,3.0,5.0,5.0,5.0,1.0,12.0,6.0,7.0,7.0,Low,Lower attendance (11+),<2 hours/week,1.0
ms,m,16.0,u,le3,t,4.0,3.0,other,other,course,father,1.0,1.0,0,no,no,no,yes,yes,yes,yes,no,4.0,2.0,5.0,1.0,5.0,5.0,8.0,14.0,12.0,13.0,Average,Moderate (5–10),<2 hours/week,-1.0
ms,m,17.0,r,le3,t,2.0,2.0,services,services,other,mother,3.0,4.0,1,no,yes,no,no,yes,yes,no,no,1.0,3.0,5.0,3.0,5.0,3.0,2.0,10.0,8.0,9.0,Low,Higher attendance (0–4 absences),>10 hours/week,-1.0
ms,f,16.0,u,gt3,t,1.0,1.0,other,other,course,other,1.0,4.0,0,yes,yes,no,yes,yes,yes,yes,no,2.0,2.0,1.0,1.0,1.0,5.0,0.0,14.0,14.0,14.0,Good,Higher attendance (0–4 absences),>10 hours/week,0.0
ms,f,19.0,u,le3,t,2.0,2.0,other,other,home,mother,1.0,3.0,0,no,no,no,no,yes,yes,yes,yes,5.0,4.0,5.0,1.0,1.0,1.0,0.0,12.0,13.0,13.0,Average,Higher attendance (0–4 absences),5–10 hours/week,1.0
ms,f,17.0,r,gt3,t,1.0,1.0,at_home,other,reputation,mother,2.0,1.0,0,no,yes,no,yes,no,yes,yes,yes,4.0,4.0,5.0,1.0,2.0,5.0,0.0,11.0,11.0,11.0,Average,Higher attendance (0–4 absences),<2 hours/week,0.0
ms,f,20.0,u,gt3,t,3.0,3.0,at_home,services,other,mother,2.0,2.0,1,no,no,no,yes,yes,yes,yes,yes,3.0,3.0,4.0,2.0,4.0,3.0,8.0,11.0,9.0,10.0,Average,Moderate (5–10),2–5 hours/week,-1.0
ms,f,17.0,u,le3,t,1.0,1.0,other,services,course,father,1.0,3.0,0,no,yes,no,no,yes,yes,no,yes,4.0,3.0,3.0,1.0,1.0,3.0,0.0,11.0,11.0,10.0,Average,Higher attendance (0–4 absences),5–10 hours/week,-1.0
ms,m,17.0,r,gt3,t,2.0,2.0,other,other,course,mother,3.0,1.0,1,no,yes,no,no,no,yes,yes,no,4.0,4.0,5.0,1.0,2.0,5.0,0.0,10.0,9.0,9.0,Low,Higher attendance (0–4 absences),<2 hours/week,-1.0
ms,f,16.0,r,le3,t,1.0,1.0,at_home,other,course,father,3.0,2.0,0,no,yes,no,no,yes,yes,no,no,5.0,3.0,2.0,1.0,1.0,1.0,0.0,16.0,17.0,18.0,Excellent,Higher attendance (0–4 absences),2–5 hours/week,2.0
ms,f,17.0,r,gt3,t,2.0,2.0,other,other,reputation,mother,2.0,2.0,0,no,yes,no,yes,yes,yes,no,no,5.0,3.0,2.0,1.0,1.0,1.0,0.0,15.0,17.0,17.0,Excellent,Higher attendance (0–4 absences),2–5 hours/week,2.0
ms,f,17.0,u,gt3,a,1.0,0.0,other,other,other,mother,2.0,2.0,0,no,no,no,no,yes,yes,yes,yes,4.0,4.0,5.0,1.0,1.0,4.0,1.0,11.0,9.0,10.0,Average,Higher attendance (0–4 absences),2–5 hours/week,-1.0
ms,f,18.0,r,gt3,t,1.0,1.0,at_home,other,other,mother,1.0,2.0,1,no,yes,no,no,yes,yes,yes,yes,4.0,3.0,2.0,1.0,1.0,5.0,9.0,7.0,7.0,7.0,Low,Moderate (5–10),2–5 hours/week,0.0
ms,f,16.0,u,gt3,t,3.0,1.0,other,other,course,mother,1.0,1.0,0,no,no,no,yes,yes,yes,yes,no,3.0,1.0,3.0,1.0,3.0,1.0,0.0,8.0,6.0,8.0,Low,Higher attendance (0–4 absences),<2 hours/week,0.0
ms,f,16.0,u,gt3,t,3.0,2.0,services,at_home,course,mother,1.0,1.0,0,no,no,no,no,yes,yes,yes,no,3.0,1.0,3.0,1.0,4.0,3.0,2.0,7.0,6.0,7.0,Low,Higher attendance (0–4 absences),<2 hours/week,0.0
ms,f,18.0,u,le3,t,1.0,1.0,other,at_home,reputation,mother,2.0,2.0,0,yes,no,no,no,yes,yes,no,no,2.0,3.0,5.0,1.0,4.0,3.0,8.0,9.0,8.0,10.0,Average,Moderate (5–10),2–5 hours/week,1.0
ms,f,16.0,r,gt3,t,4.0,4.0,health,teacher,reputation,father,1.0,2.0,0,no,no,no,yes,no,yes,yes,yes,4.0,3.0,3.0,2.0,3.0,2.0,0.0,14.0,16.0,16.0,Good,Higher attendance (0–4 absences),2–5 hours/week,2.0
ms,f,16.0,r,le3,t,1.0,2.0,other,other,reputation,mother,2.0,1.0,0,no,no,no,yes,yes,yes,yes,no,5.0,4.0,5.0,1.0,4.0,2.0,0.0,14.0,14.0,15.0,Good,Higher attendance (0–4 absences),<2 hours/week,1.0
ms,f,18.0,u,gt3,a,2.0,4.0,other,services,reputation,father,1.0,2.0,1,no,yes,no,no,yes,yes,yes,no,2.0,3.0,2.0,1.0,3.0,1.0,8.0,8.0,5.0,8.0,Low,Moderate (5–10),2–5 hours/week,0.0
ms,m,16.0,r,gt3,t,2.0,1.0,other,services,reputation,mother,2.0,2.0,0,no,no,no,yes,yes,yes,yes,no,5.0,2.0,1.0,1.0,1.0,2.0,0.0,8.0,7.0,0.0,Low,Higher attendance (0–4 absences),2–5 hours/week,-8.0
ms,f,16.0,u,le3,t,1.0,1.0,at_home,other,other,mother,3.0,2.0,0,no,yes,no,no,yes,yes,yes,no,4.0,3.0,2.0,1.0,3.0,5.0,6.0,6.0,8.0,8.0,Low,Moderate (5–10),2–5 hours/week,2.0
ms,f,16.0,r,gt3,t,2.0,3.0,at_home,services,other,mother,2.0,2.0,0,no,yes,no,yes,yes,yes,yes,no,3.0,3.0,3.0,1.0,1.0,2.0,0.0,8.0,10.0,10.0,Average,Higher attendance (0–4 absences),2–5 hours/week,2.0
ms,f,16.0,u,gt3,t,4.0,4.0,health,health,course,mother,1.0,2.0,0,no,yes,no,no,yes,yes,yes,yes,4.0,3.0,4.0,1.0,2.0,3.0,4.0,8.0,8.0,8.0,Low,Higher attendance (0–4 absences),2–5 hours/week,0.0
ms,m,18.0,u,le3,t,4.0,4.0,at_home,health,home,mother,1.0,4.0,0,no,yes,no,yes,yes,no,yes,yes,5.0,5.0,5.0,5.0,5.0,5.0,2.0,5.0,6.0,6.0,Low,Higher attendance (0–4 absences),>10 hours/week,1.0
ms,f,16.0,r,le3,t,3.0,4.0,at_home,other,other,mother,3.0,2.0,0,no,yes,no,no,no,yes,no,no,4.0,2.0,1.0,1.0,1.0,2.0,2.0,7.0,9.0,8.0,Low,Higher attendance (0–4 absences),2–5 hours/week,1.0
ms,m,17.0,u,le3,t,4.0,4.0,other,services,home,mother,1.0,3.0,0,no,yes,no,no,yes,yes,yes,no,4.0,4.0,3.0,1.0,2.0,5.0,0.0,15.0,14.0,16.0,Good,Higher attendance (0–4 absences),5–10 hours/week,1.0
ms,f,17.0,r,gt3,t,4.0,1.0,other,other,other,mother,1.0,1.0,0,no,no,no,no,yes,yes,yes,yes,4.0,2.0,3.0,1.0,2.0,5.0,1.0,13.0,14.0,14.0,Good,Higher attendance (0–4 absences),<2 hours/week,1.0
ms,m,16.0,u,le3,t,2.0,2.0,services,services,other,mother,4.0,3.0,0,no,no,no,no,yes,yes,no,no,5.0,1.0,3.0,2.0,2.0,3.0,0.0,10.0,9.0,10.0,Average,Higher attendance (0–4 absences),5–10 hours/week,0.0
ms,f,17.0,r,gt3,t,2.0,2.0,at_home,other,other,mother,1.0,1.0,0,no,yes,yes,no,yes,yes,yes,no,5.0,1.0,3.0,1.0,2.0,5.0,5.0,9.0,9.0,9.0,Low,Moderate (5–10),<2 hours/week,0.0
ms,f,16.0,u,le3,t,4.0,4.0,services,services,other,father,2.0,1.0,0,no,yes,no,no,yes,yes,no,no,5.0,1.0,3.0,1.0,2.0,5.0,1.0,11.0,11.0,11.0,Average,Higher attendance (0–4 absences),<2 hours/week,0.0
ms,m,17.0,u,gt3,t,3.0,3.0,services,services,home,mother,1.0,1.0,0,no,yes,no,yes,yes,yes,yes,no,4.0,1.0,4.0,5.0,5.0,3.0,8.0,7.0,10.0,9.0,Low,Moderate (5–10),<2 hours/week,2.0
ms,m,17.0,u,gt3,t,1.0,1.0,at_home,services,other,mother,3.0,2.0,0,no,no,no,no,yes,yes,yes,yes,5.0,1.0,3.0,3.0,3.0,1.0,0.0,10.0,10.0,10.0,Average,Higher attendance (0–4 absences),2–5 hours/week,0.0
ms,m,16.0,u,gt3,t,2.0,1.0,health,services,other,mother,2.0,2.0,0,no,no,no,no,no,yes,yes,yes,4.0,2.0,2.0,1.0,4.0,5.0,2.0,9.0,7.0,8.0,Low,Higher attendance (0–4 absences),2–5 hours/week,-1.0
ms,f,16.0,u,le3,t,2.0,1.0,other,services,other,mother,1.0,2.0,0,no,no,no,no,yes,yes,yes,yes,3.0,2.0,2.0,1.0,1.0,3.0,0.0,14.0,15.0,16.0,Good,Higher attendance (0–4 absences),2–5 hours/week,2.0
ms,m,16.0,u,le3,t,4.0,4.0,teacher,health,other,father,1.0,1.0,0,no,yes,no,no,yes,yes,yes,no,4.0,1.0,2.0,2.0,5.0,5.0,0.0,11.0,12.0,12.0,Average,Higher attendance (0–4 absences),<2 hours/week,1.0
ms,m,15.0,r,gt3,t,1.0,2.0,other,services,course,mother,3.0,2.0,0,no,yes,no,yes,yes,yes,no,no,5.0,5.0,5.0,1.0,3.0,5.0,11.0,9.0,11.0,10.0,Average,Lower attendance (11+),2–5 hours/week,1.0
ms,m,15.0,u,le3,a,2.0,2.0,other,other,reputation,mother,3.0,4.0,0,no,yes,no,yes,yes,yes,no,no,5.0,4.0,5.0,2.0,3.0,5.0,8.0,13.0,14.0,14.0,Good,Moderate (5–10),>10 hours/week,1.0
ms,m,15.0,u,le3,a,2.0,1.0,services,services,course,mother,1.0,1.0,0,no,no,no,yes,yes,yes,yes,no,4.0,3.0,3.0,1.0,2.0,5.0,11.0,12.0,13.0,12.0,Average,Lower attendance (11+),<2 hours/week,0.0
ms,f,16.0,r,le3,t,2.0,2.0,other,other,course,mother,1.0,3.0,0,no,yes,no,no,no,yes,no,yes,4.0,3.0,3.0,2.0,2.0,5.0,2.0,11.0,11.0,11.0,Average,Higher attendance (0–4 absences),5–10 hours/week,0.0
ms,f,16.0,u,le3,t,4.0,1.0,other,other,home,mother,2.0,2.0,0,no,yes,no,yes,yes,yes,yes,no,1.0,2.0,4.0,2.0,2.0,1.0,8.0,9.0,10.0,10.0,Average,Moderate (5–10),2–5 hours/week,1.0
ms,f,17.0,u,gt3,t,3.0,2.0,at_home,other,home,mother,2.0,1.0,0,no,no,no,no,yes,yes,no,yes,4.0,3.0,3.0,2.0,2.0,1.0,5.0,9.0,11.0,11.0,Average,Moderate (5–10),<2 hours/week,2.0
ms,f,17.0,r,gt3,t,2.0,2.0,other,other,other,mother,2.0,2.0,0,yes,no,yes,no,yes,yes,no,no,5.0,1.0,3.0,1.0,1.0,5.0,0.0,11.0,9.0,11.0,Average,Higher attendance (0–4 absences),2–5 hours/week,0.0
ms,f,16.0,u,gt3,t,4.0,4.0,teacher,services,course,mother,2.0,3.0,0,no,yes,no,no,yes,yes,yes,yes,5.0,3.0,5.0,1.0,4.0,5.0,1.0,10.0,11.0,12.0,Average,Higher attendance (0–4 absences),5–10 hours/week,2.0
ms,m,17.0,r,gt3,t,4.0,4.0,health,other,course,father,3.0,1.0,3,no,no,no,yes,yes,yes,yes,yes,3.0,3.0,3.0,1.0,3.0,5.0,2.0,9.0,9.0,8.0,Low,Higher attendance (0–4 absences),<2 hours/week,-1.0
ms,m,17.0,r,le3,t,1.0,3.0,other,other,course,father,2.0,1.0,0,no,no,no,yes,yes,yes,no,yes,5.0,1.0,2.0,3.0,3.0,5.0,2.0,12.0,11.0,12.0,Average,Higher attendance (0–4 absences),<2 hours/week,0.0
ms,m,17.0,u,gt3,t,3.0,4.0,services,other,other,mother,1.0,2.0,1,no,yes,no,yes,no,yes,yes,yes,5.0,4.0,4.0,3.0,4.0,5.0,8.0,8.0,9.0,8.0,Low,Moderate (5–10),2–5 hours/week,0.0
ms,f,17.0,u,gt3,t,4.0,4.0,health,health,course,father,1.0,2.0,0,no,yes,no,no,yes,yes,yes,no,5.0,2.0,5.0,1.0,1.0,5.0,0.0,13.0,15.0,16.0,Good,Higher attendance (0–4 absences),2–5 hours/week,3.0
ms,m,16.0,r,le3,t,4.0,1.0,other,at_home,other,father,1.0,1.0,0,no,no,no,no,yes,yes,yes,no,4.0,1.0,2.0,2.0,1.0,2.0,0.0,10.0,11.0,11.0,Average,Higher attendance (0–4 absences),<2 hours/week,1.0
ms,f,17.0,u,gt3,a,1.0,1.0,at_home,at_home,other,mother,1.0,2.0,0,no,no,no,yes,yes,yes,yes,yes,4.0,5.0,5.0,1.0,2.0,3.0,2.0,11.0,10.0,11.0,Average,Higher attendance (0–4 absences),2–5 hours/week,0.0
ms,f,17.0,r,gt3,t,4.0,2.0,other,other,course,mother,2.0,2.0,0,yes,yes,no,no,no,yes,yes,no,4.0,3.0,3.0,2.0,3.0,5.0,0.0,17.0,18.0,18.0,Excellent,Higher attendance (0–4 absences),2–5 hours/week,1.0
ms,m,16.0,u,le3,a,2.0,2.0,other,services,course,father,2.0,2.0,0,no,yes,no,no,no,yes,yes,yes,4.0,1.0,2.0,2.0,2.0,5.0,0.0,12.0,13.0,13.0,Average,Higher attendance (0–4 absences),2–5 hours/week,1.0
ms,m,17.0,u,gt3,t,3.0,2.0,other,other,other,father,2.0,2.0,0,no,yes,yes,no,yes,yes,yes,no,4.0,1.0,2.0,2.0,2.0,1.0,0.0,13.0,14.0,13.0,Average,Higher attendance (0–4 absences),2–5 hours/week,0.0
ms,m,19.0,u,gt3,t,1.0,1.0,other,other,other,mother,1.0,2.0,2,no,yes,no,yes,yes,no,yes,no,4.0,4.0,3.0,3.0,4.0,4.0,2.0,9.0,9.0,10.0,Average,Higher attendance (0–4 absences),2–5 hours/week,1.0
ms,m,17.0,u,le3,a,1.0,0.0,other,other,home,mother,1.0,1.0,0,no,no,no,no,yes,yes,no,yes,4.0,1.0,2.0,1.0,1.0,5.0,4.0,11.0,11.0,12.0,Average,Higher attendance (0–4 absences),<2 hours/week,1.0
ms,f,17.0,r,gt3,t,1.0,1.0,at_home,at_home,course,father,2.0,1.0,0,no,yes,no,yes,yes,no,yes,yes,3.0,5.0,5.0,2.0,2.0,4.0,3.0,10.0,11.0,10.0,Average,Higher attendance (0–4 absences),<2 hours/week,0.0
ms,f,16.0,r,gt3,t,1.0,2.0,other,other,home,father,1.0,3.0,0,yes,yes,no,no,no,yes,yes,yes,4.0,3.0,4.0,1.0,1.0,3.0,5.0,13.0,14.0,13.0,Average,Moderate (5–10),5–10 hours/week,0.0
ms,m,16.0,r,le3,t,1.0,2.0,other,at_home,course,mother,1.0,1.0,0,no,no,no,no,yes,yes,no,no,4.0,4.0,4.0,2.0,4.0,5.0,4.0,9.0,10.0,11.0,Average,Higher attendance (0–4 absences),<2 hours/week,2.0
ms,f,17.0,r,gt3,t,3.0,1.0,other,other,course,mother,2.0,2.0,3,no,yes,no,yes,no,yes,yes,yes,5.0,4.0,4.0,1.0,1.0,5.0,2.0,7.0,9.0,10.0,Average,Higher attendance (0–4 absences),2–5 hours/week,3.0
ms,m,17.0,r,gt3,t,2.0,2.0,other,other,course,mother,2.0,1.0,0,no,no,no,yes,yes,no,no,yes,5.0,5.0,5.0,3.0,5.0,5.0,0.0,8.0,13.0,10.0,Average,Higher attendance (0–4 absences),<2 hours/week,2.0
ms,m,18.0,r,gt3,t,1.0,0.0,at_home,at_home,course,other,3.0,1.0,1,yes,yes,no,no,yes,yes,no,no,4.0,3.0,2.0,1.0,1.0,4.0,0.0,12.0,12.0,13.0,Average,Higher attendance (0–4 absences),<2 hours/week,1.0
ms,m,17.0,r,gt3,t,1.0,1.0,other,services,course,mother,2.0,1.0,0,no,yes,no,yes,no,yes,yes,yes,4.0,5.0,5.0,1.0,3.0,2.0,0.0,10.0,9.0,10.0,Average,Higher attendance (0–4 absences),<2 hours/week,0.0
ms,m,18.0,u,le3,t,1.0,1.0,at_home,at_home,course,mother,2.0,2.0,0,no,yes,no,yes,yes,yes,no,no,4.0,3.0,3.0,1.0,4.0,5.0,6.0,10.0,9.0,10.0,Average,Moderate (5–10),2–5 hours/week,0.0
ms,f,16.0,r,le3,t,2.0,2.0,other,services,course,father,1.0,2.0,0,no,no,no,yes,yes,yes,no,yes,5.0,4.0,3.0,1.0,1.0,1.0,0.0,11.0,13.0,12.0,Average,Higher attendance (0–4 absences),2–5 hours/week,1.0
ms,m,17.0,u,gt3,t,2.0,2.0,other,other,course,mother,1.0,1.0,1,no,no,no,yes,yes,yes,no,yes,1.0,2.0,1.0,2.0,3.0,5.0,0.0,7.0,0.0,0.0,Low,Higher attendance (0–4 absences),<2 hours/week,-7.0
ms,m,16.0,r,gt3,t,3.0,2.0,services,other,course,father,2.0,1.0,0,no,no,no,no,yes,yes,yes,no,4.0,5.0,5.0,2.0,3.0,5.0,2.0,11.0,9.0,10.0,Average,Higher attendance (0–4 absences),<2 hours/week,-1.0
ms,m,16.0,r,le3,t,1.0,1.0,at_home,other,course,mother,2.0,1.0,0,no,no,no,yes,yes,yes,yes,no,4.0,5.0,5.0,2.0,4.0,5.0,0.0,10.0,10.0,9.0,Low,Higher attendance (0–4 absences),<2 hours/week,-1.0
ms,m,18.0,r,gt3,t,1.0,1.0,services,other,course,other,2.0,1.0,1,no,yes,no,no,yes,no,yes,yes,5.0,3.0,3.0,2.0,3.0,5.0,2.0,9.0,7.0,9.0,Low,Higher attendance (0–4 absences),<2 hours/week,0.0
ms,m,18.0,r,gt3,t,3.0,2.0,services,other,course,mother,1.0,1.0,1,no,no,no,no,yes,no,yes,no,2.0,3.0,1.0,2.0,2.0,5.0,0.0,4.0,0.0,0.0,Low,Higher attendance (0–4 absences),<2 hours/week,-4.0
ms,m,19.0,u,gt3,t,3.0,2.0,at_home,services,course,mother,2.0,1.0,3,no,no,no,yes,yes,yes,no,no,3.0,2.0,1.0,1.0,1.0,3.0,4.0,6.0,11.0,9.0,Low,Higher attendance (0–4 absences),<2 hours/week,3.0
ms,m,18.0,u,gt3,t,3.0,3.0,at_home,at_home,course,mother,1.0,2.0,2,no,yes,no,yes,yes,no,yes,no,4.0,4.0,5.0,1.0,3.0,3.0,9.0,4.0,8.0,8.0,Low,Moderate (5–10),2–5 hours/week,4.0
ms,m,16.0,r,gt3,t,2.0,2.0,services,services,course,mother,2.0,1.0,0,no,yes,no,yes,yes,yes,yes,yes,5.0,4.0,3.0,2.0,4.0,4.0,6.0,7.0,8.0,8.0,Low,Moderate (5–10),<2 hours/week,1.0
ms,m,19.0,u,gt3,t,2.0,1.0,at_home,other,course,other,2.0,1.0,3,no,no,no,yes,no,no,yes,yes,4.0,4.0,3.0,1.0,3.0,5.0,4.0,8.0,9.0,9.0,Low,Higher attendance (0–4 absences),<2 hours/week,1.0
ms,f,16.0,u,gt3,a,3.0,2.0,services,at_home,course,mother,2.0,2.0,2,no,yes,no,yes,yes,yes,no,yes,2.0,5.0,5.0,1.0,1.0,1.0,8.0,5.0,5.0,7.0,Low,Moderate (5–10),2–5 hours/week,2.0
ms,f,17.0,u,gt3,t,1.0,1.0,other,at_home,course,mother,1.0,1.0,0,no,yes,no,yes,yes,yes,no,no,4.0,3.0,2.0,1.0,2.0,5.0,9.0,7.0,9.0,10.0,Average,Moderate (5–10),<2 hours/week,3.0
ms,m,20.0,r,gt3,t,1.0,1.0,other,other,course,other,2.0,1.0,1,no,yes,no,no,yes,no,yes,yes,4.0,4.0,3.0,2.0,4.0,4.0,12.0,8.0,11.0,10.0,Average,Lower attendance (11+),<2 hours/week,2.0
ms,f,18.0,r,gt3,a,4.0,3.0,services,services,course,mother,1.0,1.0,0,no,yes,no,no,yes,yes,yes,no,5.0,4.0,4.0,3.0,4.0,2.0,8.0,10.0,11.0,10.0,Average,Moderate (5–10),<2 hours/week,0.0
ms,m,18.0,r,gt3,t,3.0,2.0,other,other,course,mother,2.0,1.0,0,no,yes,no,no,no,yes,yes,no,2.0,5.0,5.0,5.0,5.0,5.0,8.0,9.0,10.0,11.0,Average,Moderate (5–10),<2 hours/week,2.0
ms,m,19.0,r,gt3,t,1.0,1.0,other,services,home,other,3.0,2.0,1,no,no,no,no,yes,yes,yes,no,5.0,4.0,4.0,3.0,3.0,2.0,8.0,10.0,9.0,11.0,Average,Moderate (5–10),2–5 hours/week,1.0
ms,m,17.0,u,gt3,t,3.0,3.0,health,other,course,mother,2.0,2.0,1,no,yes,no,no,yes,yes,yes,no,4.0,5.0,4.0,2.0,3.0,3.0,4.0,8.0,9.0,10.0,Average,Higher attendance (0–4 absences),2–5 hours/week,2.0
ms,m,18.0,u,le3,t,1.0,3.0,at_home,services,course,mother,1.0,1.0,0,no,no,no,no,yes,no,yes,yes,4.0,3.0,3.0,2.0,3.0,3.0,0.0,9.0,10.0,9.0,Low,Higher attendance (0–4 absences),<2 hours/week,0.0
ms,m,19.0,r,gt3,t,1.0,1.0,other,other,home,other,3.0,1.0,1,no,yes,no,no,yes,yes,yes,no,4.0,4.0,4.0,3.0,3.0,5.0,4.0,8.0,9.0,10.0,Average,Higher attendance (0–4 absences),<2 hours/week,2.0
ms,f,18.0,u,gt3,a,1.0,2.0,at_home,other,course,mother,2.0,2.0,2,no,yes,no,no,yes,yes,no,no,4.0,3.0,3.0,1.0,1.0,5.0,2.0,6.0,8.0,8.0,Low,Higher attendance (0–4 absences),2–5 hours/week,2.0
ms,f,19.0,u,le3,a,1.0,1.0,at_home,other,course,mother,1.0,1.0,0,no,yes,no,no,yes,no,no,no,1.0,4.0,4.0,1.0,1.0,5.0,0.0,6.0,8.0,7.0,Low,Higher attendance (0–4 absences),<2 hours/week,1.0
ms,f,18.0,r,gt3,t,2.0,2.0,other,other,other,mother,2.0,1.0,1,no,no,no,no,yes,no,yes,yes,5.0,5.0,5.0,1.0,1.0,3.0,0.0,8.0,6.0,0.0,Low,Higher attendance (0–4 absences),<2 hours/week,-8.0
ms,f,17.0,r,gt3,t,0.0,0.0,at_home,other,course,mother,2.0,1.0,0,no,yes,no,no,yes,yes,yes,no,4.0,4.0,3.0,1.0,1.0,5.0,0.0,10.0,11.0,11.0,Average,Higher attendance (0–4 absences),<2 hours/week,1.0
ms,f,17.0,r,le3,a,3.0,1.0,other,at_home,course,other,2.0,3.0,0,no,yes,yes,no,yes,no,no,no,4.0,2.0,3.0,2.0,2.0,3.0,5.0,8.0,7.0,8.0,Low,Moderate (5–10),5–10 hours/week,0.0
ms,f,17.0,u,gt3,t,4.0,2.0,teacher,services,home,mother,1.0,2.0,0,yes,yes,no,yes,yes,yes,yes,no,5.0,5.0,5.0,1.0,3.0,5.0,0.0,8.0,8.0,0.0,Low,Higher attendance (0–4 absences),2–5 hours/week,-8.0
ms,f,18.0,r,le3,t,2.0,2.0,services,services,course,mother,1.0,2.0,1,no,yes,no,yes,yes,yes,yes,no,2.0,3.0,3.0,1.0,2.0,4.0,3.0,7.0,6.0,8.0,Low,Higher attendance (0–4 absences),2–5 hours/week,1.0
ms,f,17.0,u,gt3,t,4.0,1.0,health,at_home,course,mother,1.0,1.0,0,no,yes,no,no,yes,yes,no,yes,3.0,2.0,2.0,1.0,1.0,5.0,0.0,8.0,10.0,9.0,Low,Higher attendance (0–4 absences),<2 hours/week,1.0
ms,f,17.0,u,le3,t,1.0,2.0,at_home,other,course,father,1.0,1.0,0,no,no,no,no,yes,yes,yes,no,5.0,5.0,1.0,1.0,1.0,3.0,0.0,7.0,10.0,10.0,Average,Higher attendance (0–4 absences),<2 hours/week,3.0
ms,f,18.0,u,gt3,t,1.0,1.0,other,other,course,mother,3.0,2.0,2,no,no,no,yes,yes,yes,no,yes,3.0,4.0,4.0,2.0,2.0,5.0,3.0,7.0,8.0,7.0,Low,Higher attendance (0–4 absences),2–5 hours/week,0.0
ms,f,18.0,u,gt3,t,2.0,2.0,services,at_home,reputation,father,2.0,2.0,0,no,no,no,yes,no,yes,yes,no,4.0,3.0,5.0,1.0,1.0,1.0,2.0,12.0,13.0,14.0,Good,Higher attendance (0–4 absences),2–5 hours/week,2.0
ms,f,17.0,u,gt3,t,3.0,3.0,services,services,course,mother,2.0,1.0,0,no,yes,no,no,yes,yes,yes,no,4.0,4.0,3.0,1.0,1.0,4.0,0.0,11.0,12.0,13.0,Average,Higher attendance (0–4 absences),<2 hours/week,2.0
ms,f,18.0,u,le3,a,1.0,2.0,at_home,other,reputation,mother,2.0,2.0,0,no,no,no,no,yes,yes,yes,no,4.0,4.0,3.0,1.0,2.0,4.0,0.0,12.0,13.0,14.0,Good,Higher attendance (0–4 absences),2–5 hours/week,2.0
ms,f,18.0,u,gt3,t,4.0,4.0,teacher,teacher,reputation,mother,2.0,2.0,0,no,no,no,yes,no,yes,yes,no,4.0,3.0,5.0,1.0,2.0,1.0,0.0,18.0,18.0,18.0,Excellent,Higher attendance (0–4 absences),2–5 hours/week,0.0
ms,m,18.0,u,le3,t,4.0,4.0,services,other,reputation,mother,1.0,1.0,0,no,yes,no,yes,yes,yes,yes,no,5.0,4.0,5.0,1.0,1.0,5.0,3.0,17.0,17.0,17.0,Excellent,Higher attendance (0–4 absences),<2 hours/week,0.0
ms,f,17.0,u,gt3,t,4.0,2.0,other,other,course,mother,2.0,2.0,0,no,yes,no,no,yes,yes,yes,no,4.0,3.0,3.0,1.0,2.0,4.0,0.0,17.0,18.0,18.0,Excellent,Higher attendance (0–4 absences),2–5 hours/week,1.0
ms,f,18.0,r,gt3,t,2.0,2.0,at_home,other,course,mother,3.0,2.0,1,no,no,no,yes,yes,yes,no,yes,4.0,3.0,3.0,1.0,1.0,4.0,0.0,9.0,0.0,0.0,Low,Higher attendance (0–4 absences),2–5 hours/week,-9.0
ms,m,18.0,u,le3,t,1.0,2.0,at_home,services,home,mother,2.0,1.0,0,no,yes,no,no,no,yes,no,no,4.0,1.0,4.0,5.0,5.0,1.0,8.0,10.0,11.0,11.0,Average,Moderate (5–10),<2 hours/week,1.0
ms,m,18.0,r,gt3,t,4.0,4.0,at_home,services,other,mother,3.0,1.0,0,no,yes,yes,yes,yes,yes,yes,yes,2.0,5.0,5.0,1.0,1.0,1.0,5.0,12.0,13.0,14.0,Good,Moderate (5–10),<2 hours/week,2.0
ms,m,17.0,r,gt3,t,1.0,1.0,other,services,other,father,3.0,1.0,0,no,no,no,no,no,no,no,no,4.0,2.0,3.0,3.0,4.0,4.0,4.0,12.0,13.0,14.0,Good,Higher attendance (0–4 absences),<2 hours/week,2.0
ms,f,18.0,u,gt3,t,2.0,2.0,other,other,course,mother,2.0,2.0,0,no,yes,no,no,no,yes,yes,yes,1.0,3.0,1.0,1.0,1.0,2.0,4.0,8.0,8.0,10.0,Average,Higher attendance (0–4 absences),2–5 hours/week,2.0
ms,f,18.0,u,le3,t,2.0,2.0,services,services,course,father,2.0,3.0,0,no,no,no,no,yes,yes,yes,yes,5.0,4.0,5.0,1.0,4.0,3.0,0.0,11.0,12.0,13.0,Average,Higher attendance (0–4 absences),5–10 hours/week,2.0
ms,f,18.0,r,le3,a,4.0,2.0,teacher,other,reputation,mother,1.0,2.0,0,no,no,no,yes,yes,yes,yes,yes,5.0,3.0,1.0,1.0,1.0,5.0,0.0,5.0,0.0,0.0,Low,Higher attendance (0–4 absences),2–5 hours/week,-5.0
ms,f,18.0,u,gt3,t,1.0,1.0,at_home,services,course,mother,3.0,2.0,1,no,no,no,no,yes,no,no,no,4.0,4.0,2.0,1.0,2.0,2.0,2.0,9.0,10.0,10.0,Average,Higher attendance (0–4 absences),2–5 hours/week,1.0
ms,f,19.0,u,gt3,t,1.0,1.0,at_home,services,other,father,2.0,1.0,1,no,no,no,no,yes,no,no,no,5.0,5.0,5.0,2.0,3.0,2.0,0.0,5.0,0.0,0.0,Low,Higher attendance (0–4 absences),<2 hours/week,-5.0
ms,f,17.0,u,gt3,t,4.0,2.0,teacher,other,course,father,2.0,4.0,0,no,no,no,no,yes,yes,yes,yes,4.0,2.0,3.0,3.0,1.0,5.0,0.0,18.0,18.0,18.0,Excellent,Higher attendance (0–4 absences),>10 hours/week,0.0
ms,f,17.0,r,le3,a,2.0,1.0,services,other,reputation,mother,2.0,2.0,0,no,no,no,yes,yes,yes,yes,yes,5.0,3.0,3.0,1.0,2.0,2.0,5.0,11.0,11.0,12.0,Average,Moderate (5–10),2–5 hours/week,1.0
ms,f,18.0,u,le3,a,1.0,1.0,at_home,services,course,mother,1.0,2.0,0,no,no,no,no,yes,yes,no,yes,5.0,2.0,3.0,1.0,2.0,3.0,2.0,8.0,10.0,11.0,Average,Higher attendance (0–4 absences),2–5 hours/week,3.0
ms,f,18.0,u,gt3,t,1.0,2.0,at_home,at_home,course,father,2.0,2.0,0,no,yes,no,no,yes,no,no,no,4.0,1.0,1.0,1.0,1.0,4.0,0.0,11.0,11.0,12.0,Average,Higher attendance (0–4 absences),2–5 hours/week,1.0
ms,f,19.0,r,gt3,a,1.0,1.0,at_home,at_home,course,other,2.0,2.0,3,no,yes,no,yes,yes,no,no,yes,3.0,5.0,4.0,1.0,4.0,1.0,0.0,8.0,0.0,0.0,Low,Higher attendance (0–4 absences),2–5 hours/week,-8.0
ms,f,18.0,r,gt3,t,2.0,2.0,services,other,home,mother,2.0,3.0,0,no,no,no,no,yes,yes,yes,yes,4.0,2.0,1.0,1.0,1.0,4.0,5.0,14.0,14.0,15.0,Good,Moderate (5–10),5–10 hours/week,1.0
ms,m,17.0,r,gt3,t,4.0,3.0,services,other,home,mother,2.0,2.0,1,no,yes,yes,yes,no,yes,yes,yes,4.0,5.0,5.0,1.0,3.0,2.0,4.0,10.0,11.0,11.0,Average,Higher attendance (0–4 absences),2–5 hours/week,1.0
ms,f,18.0,u,gt3,t,3.0,3.0,services,services,course,father,1.0,2.0,0,no,yes,no,no,yes,yes,no,yes,5.0,3.0,4.0,1.0,1.0,5.0,0.0,10.0,10.0,10.0,Average,Higher attendance (0–4 absences),2–5 hours/week,0.0
ms,f,17.0,r,gt3,t,4.0,4.0,teacher,services,other,father,2.0,2.0,0,no,yes,yes,yes,yes,yes,yes,no,4.0,3.0,3.0,1.0,2.0,5.0,2.0,12.0,12.0,12.0,Average,Higher attendance (0–4 absences),2–5 hours/week,0.0
ms,f,17.0,u,le3,a,3.0,2.0,services,other,reputation,mother,2.0,2.0,0,no,no,no,no,yes,yes,no,yes,1.0,2.0,3.0,1.0,2.0,5.0,0.0,15.0,14.0,15.0,Good,Higher attendance (0–4 absences),2–5 hours/week,0.0
ms,m,18.0,u,le3,t,1.0,1.0,other,services,home,father,2.0,1.0,0,no,no,no,no,no,yes,yes,yes,3.0,3.0,2.0,1.0,2.0,3.0,2.0,14.0,13.0,14.0,Good,Higher attendance (0–4 absences),<2 hours/week,0.0
ms,f,18.0,u,le3,t,1.0,1.0,at_home,services,course,father,2.0,3.0,0,no,no,no,no,yes,yes,yes,no,5.0,3.0,2.0,1.0,1.0,4.0,0.0,19.0,17.0,18.0,Excellent,Higher attendance (0–4 absences),5–10 hours/week,-1.0
ms,f,18.0,r,le3,a,1.0,2.0,at_home,other,course,mother,3.0,2.0,0,no,no,no,no,yes,yes,no,yes,4.0,3.0,4.0,1.0,4.0,5.0,0.0,16.0,15.0,15.0,Good,Higher attendance (0–4 absences),2–5 hours/week,-1.0
ms,f,18.0,u,gt3,t,3.0,3.0,services,services,other,mother,2.0,2.0,0,no,yes,no,no,yes,yes,yes,yes,4.0,3.0,2.0,1.0,3.0,3.0,6.0,13.0,12.0,13.0,Average,Moderate (5–10),2–5 hours/week,0.0
ms,f,17.0,u,le3,t,4.0,4.0,at_home,at_home,course,mother,1.0,2.0,0,no,yes,no,yes,yes,yes,yes,yes,2.0,3.0,4.0,1.0,1.0,1.0,4.0,15.0,14.0,15.0,Good,Higher attendance (0–4 absences),2–5 hours/week,0.0
ms,f,17.0,r,gt3,t,1.0,2.0,other,services,course,father,2.0,2.0,0,no,no,no,no,no,yes,no,no,3.0,2.0,2.0,1.0,2.0,3.0,0.0,13.0,13.0,13.0,Average,Higher attendance (0–4 absences),2–5 hours/week,0.0
ms,m,18.0,r,gt3,t,1.0,3.0,at_home,other,course,mother,2.0,2.0,0,no,yes,yes,no,yes,yes,no,no,3.0,3.0,4.0,2.0,4.0,3.0,0.0,8.0,10.0,9.0,Low,Higher attendance (0–4 absences),2–5 hours/week,1.0
ms,m,18.0,u,le3,t,4.0,4.0,teacher,services,other,mother,2.0,3.0,0,no,no,no,no,yes,yes,yes,yes,4.0,2.0,2.0,2.0,2.0,5.0,0.0,15.0,16.0,16.0,Good,Higher attendance (0–4 absences),5–10 hours/week,1.0
ms,f,17.0,r,gt3,t,1.0,1.0,other,services,reputation,mother,3.0,1.0,1,no,yes,no,no,yes,yes,yes,yes,5.0,2.0,1.0,1.0,2.0,1.0,0.0,8.0,8.0,9.0,Low,Higher attendance (0–4 absences),<2 hours/week,1.0
ms,f,18.0,u,gt3,t,2.0,3.0,at_home,services,course,father,2.0,1.0,0,no,yes,no,no,yes,yes,yes,yes,5.0,2.0,3.0,1.0,2.0,4.0,0.0,10.0,10.0,10.0,Average,Higher attendance (0–4 absences),<2 hours/week,0.0
ms,f,18.0,r,gt3,t,4.0,4.0,other,teacher,other,father,3.0,2.0,0,no,yes,no,no,no,yes,yes,yes,3.0,2.0,2.0,4.0,2.0,5.0,0.0,7.0,5.0,0.0,Low,Higher attendance (0–4 absences),2–5 hours/week,-7.0
ms,m,18.0,r,le3,t,1.0,2.0,at_home,services,other,father,3.0,1.0,0,no,yes,no,yes,yes,no,yes,yes,4.0,3.0,3.0,2.0,3.0,3.0,3.0,9.0,10.0,10.0,Average,Higher attendance (0–4 absences),<2 hours/week,1.0
ms,f,17.0,u,gt3,t,2.0,2.0,other,at_home,home,mother,1.0,3.0,0,no,no,no,yes,yes,yes,no,yes,3.0,4.0,3.0,1.0,1.0,3.0,8.0,10.0,11.0,12.0,Average,Moderate (5–10),5–10 hours/week,2.0
ms,f,17.0,r,gt3,t,1.0,2.0,other,other,course,mother,1.0,1.0,0,no,no,no,yes,yes,yes,yes,no,3.0,5.0,5.0,1.0,3.0,1.0,4.0,7.0,8.0,9.0,Low,Higher attendance (0–4 absences),<2 hours/week,2.0
ms,f,18.0,r,le3,t,4.0,4.0,other,other,reputation,mother,2.0,3.0,0,no,no,no,no,yes,yes,yes,no,5.0,4.0,4.0,1.0,1.0,1.0,0.0,15.0,17.0,17.0,Excellent,Higher attendance (0–4 absences),5–10 hours/week,2.0
ms,f,18.0,r,gt3,t,1.0,1.0,other,other,home,mother,4.0,3.0,0,no,no,no,no,yes,yes,yes,no,4.0,3.0,2.0,1.0,2.0,4.0,4.0,10.0,11.0,12.0,Average,Higher attendance (0–4 absences),5–10 hours/week,2.0
ms,f,19.0,r,gt3,t,1.0,1.0,at_home,other,course,other,2.0,2.0,1,no,yes,no,no,yes,yes,yes,yes,4.0,3.0,3.0,1.0,1.0,3.0,4.0,7.0,8.0,9.0,Low,Higher attendance (0–4 absences),2–5 hours/week,2.0
ms,f,18.0,r,le3,t,4.0,4.0,teacher,services,course,mother,1.0,2.0,0,no,no,no,yes,yes,yes,yes,no,5.0,4.0,3.0,3.0,4.0,2.0,1.0,13.0,14.0,14.0,Good,Higher attendance (0–4 absences),2–5 hours/week,1.0
ms,f,18.0,u,gt3,t,3.0,3.0,other,other,home,mother,1.0,2.0,0,no,no,no,no,yes,yes,yes,yes,4.0,1.0,3.0,1.0,2.0,1.0,1.0,16.0,16.0,16.0,Good,Higher attendance (0–4 absences),2–5 hours/week,0.0
ms,f,17.0,r,gt3,t,3.0,1.0,at_home,other,reputation,mother,1.0,2.0,0,no,yes,no,yes,no,yes,yes,no,4.0,5.0,4.0,2.0,3.0,1.0,10.0,8.0,9.0,9.0,Low,Moderate (5–10),2–5 hours/week,1.0
ms,m,18.0,u,gt3,t,4.0,4.0,teacher,teacher,home,father,1.0,2.0,0,no,no,no,yes,no,yes,yes,no,3.0,2.0,4.0,1.0,4.0,2.0,4.0,17.0,18.0,19.0,Excellent,Higher attendance (0–4 absences),2–5 hours/week,2.0
ms,m,18.0,r,gt3,t,2.0,1.0,other,other,other,mother,2.0,1.0,0,no,no,no,yes,no,yes,yes,yes,4.0,4.0,3.0,1.0,3.0,5.0,0.0,7.0,7.0,0.0,Low,Higher attendance (0–4 absences),<2 hours/week,-7.0
ms,m,17.0,u,gt3,t,2.0,3.0,other,services,home,father,2.0,2.0,0,no,no,no,yes,yes,yes,yes,no,4.0,4.0,3.0,1.0,1.0,3.0,4.0,14.0,15.0,16.0,Good,Higher attendance (0–4 absences),2–5 hours/week,2.0
ms,m,19.0,r,gt3,t,1.0,1.0,other,services,other,mother,2.0,1.0,1,no,no,no,no,yes,yes,no,no,4.0,3.0,2.0,1.0,3.0,5.0,0.0,5.0,8.0,0.0,Low,Higher attendance (0–4 absences),<2 hours/week,-5.0
ms,m,18.0,r,gt3,t,4.0,2.0,other,other,home,father,2.0,1.0,1,no,no,yes,no,yes,yes,no,no,5.0,4.0,3.0,4.0,3.0,3.0,0.0,7.0,7.0,0.0,Low,Higher attendance (0–4 absences),<2 hours/week,-7.0
ms,f,18.0,r,gt3,t,2.0,2.0,at_home,other,other,mother,2.0,3.0,0,no,no,no,no,yes,yes,no,no,5.0,3.0,3.0,1.0,3.0,4.0,0.0,14.0,17.0,15.0,Good,Higher attendance (0–4 absences),5–10 hours/week,1.0
ms,f,17.0,u,gt3,t,4.0,3.0,teacher,other,other,mother,2.0,2.0,0,no,no,no,no,yes,yes,yes,no,5.0,5.0,4.0,1.0,1.0,1.0,0.0,6.0,9.0,11.0,Average,Higher attendance (0–4 absences),2–5 hours/week,5.0
ms,f,18.0,r,gt3,t,4.0,4.0,teacher,at_home,reputation,mother,3.0,1.0,0,no,yes,no,yes,yes,yes,yes,yes,4.0,4.0,3.0,2.0,2.0,5.0,4.0,7.0,9.0,10.0,Average,Higher attendance (0–4 absences),<2 hours/week,3.0
ms,f,19.0,r,gt3,t,2.0,3.0,services,other,course,mother,1.0,3.0,1,no,no,no,yes,no,yes,yes,no,5.0,4.0,2.0,1.0,2.0,5.0,4.0,10.0,11.0,10.0,Average,Higher attendance (0–4 absences),5–10 hours/week,0.0
ms,f,18.0,u,le3,t,3.0,1.0,teacher,services,course,mother,1.0,2.0,0,no,yes,no,no,yes,yes,yes,no,4.0,3.0,4.0,1.0,1.0,1.0,4.0,15.0,15.0,16.0,Good,Higher attendance (0–4 absences),2–5 hours/week,1.0
ms,f,18.0,u,gt3,t,1.0,1.0,other,other,course,mother,2.0,2.0,0,no,no,no,yes,yes,yes,no,no,1.0,1.0,1.0,1.0,1.0,5.0,6.0,11.0,12.0,9.0,Low,Moderate (5–10),2–5 hours/week,-2.0
ms,m,17.0,u,le3,t,3.0,1.0,services,services,course,mother,2.0,1.0,0,no,no,no,no,no,yes,yes,no,2.0,4.0,5.0,3.0,4.0,2.0,6.0,10.0,10.0,10.0,Average,Moderate (5–10),<2 hours/week,0.0
ms,m,18.0,r,le3,t,3.0,2.0,services,other,course,mother,3.0,1.0,0,no,no,no,no,no,yes,yes,no,4.0,4.0,1.0,3.0,4.0,5.0,4.0,10.0,11.0,11.0,Average,Higher attendance (0–4 absences),<2 hours/week,1.0
